experience_years,num_skills,has_ml_skills,salary,loc_Bangalore,loc_Chennai,loc_Hyderabad,loc_Pune,loc_Remote
7.7,2,1,2276000.0,False,True,False,False,False
2.7,7,1,1593000.0,True,False,False,False,False
0.4,3,1,1027000.0,True,False,False,False,False
6.7,7,1,2981000.0,True,False,False,False,False
9.1,3,0,2323000.0,False,False,True,False,False
1.9,8,1,1436000.0,True,False,False,False,False
8.8,6,1,3234000.0,False,False,True,False,False
6.9,7,1,2801000.0,True,False,False,False,False
4.6,5,1,1712000.0,False,False,True,False,False
2.5,4,0,980000.0,False,False,False,False,True
7.6,6,1,2029000.0,False,False,False,False,True
2.6,4,0,930000.0,False,True,False,False,False
9.9,8,1,2968000.0,False,False,False,True,False
4.7,7,1,1467000.0,False,False,True,False,False
9.0,5,1,1973000.0,False,True,False,False,False
6.1,2,0,1758000.0,True,False,False,False,False
1.8,3,0,671000.0,False,False,False,False,True
0.8,5,1,1160000.0,True,False,False,False,False
8.2,2,1,2189000.0,False,False,True,False,False
9.2,4,1,2171000.0,False,False,False,True,False
0.0,7,1,1095000.0,False,False,True,False,False
10.1,6,1,2528000.0,False,False,False,False,True
11.0,6,1,2921000.0,False,True,False,False,False
0.7,6,1,789000.0,False,True,False,False,False
1.5,5,1,1049000.0,False,False,False,True,False
11.6,6,1,3342000.0,False,False,True,False,False
5.3,6,1,1868000.0,True,False,False,False,False
7.1,3,1,2571000.0,True,False,False,False,False
8.5,2,1,2540000.0,True,False,False,False,False
10.3,2,1,2790000.0,False,False,True,False,False
8.0,3,1,1976000.0,False,False,False,False,True
6.9,3,0,2261000.0,False,False,False,True,False
2.3,2,0,946000.0,False,False,True,False,False
5.1,5,0,1548000.0,True,False,False,False,False
0.7,7,1,1131000.0,False,False,False,True,False
1.7,3,1,1063000.0,True,False,False,False,False
5.3,8,1,1931000.0,False,True,False,False,False
2.0,5,1,934000.0,False,False,False,True,False
0.0,5,1,694000.0,False,False,False,True,False
8.4,7,1,2733000.0,False,False,True,False,False
2.6,2,1,1228000.0,False,False,False,False,True
0.7,4,1,863000.0,False,False,False,False,True
11.0,6,1,2722000.0,False,False,False,False,True
0.8,8,1,1043000.0,False,False,False,True,False
7.9,6,1,1902000.0,False,True,False,False,False
3.2,3,1,1272000.0,False,False,False,True,False
3.8,8,1,1440000.0,False,False,False,False,True
2.6,4,1,1540000.0,False,False,True,False,False
3.4,5,1,1418000.0,False,False,False,False,True
0.1,8,1,676000.0,False,False,False,False,True
1.9,4,1,1158000.0,False,True,False,False,False
8.2,8,1,2761000.0,True,False,False,False,False
0.0,8,1,965000.0,True,False,False,False,False
0.9,7,1,1096000.0,False,True,False,False,False
5.2,2,1,2242000.0,True,False,False,False,False
10.8,3,1,3660000.0,True,False,False,False,False
4.2,6,1,1450000.0,False,True,False,False,False
11.7,8,1,2979000.0,False,True,False,False,False
9.4,2,0,2732000.0,True,False,False,False,False
10.3,3,1,3268000.0,False,False,True,False,False
3.7,8,1,1632000.0,False,False,True,False,False
10.4,8,1,3314000.0,True,False,False,False,False
10.5,4,1,2829000.0,True,False,False,False,False
7.2,4,0,1512000.0,False,False,False,False,True
11.8,2,1,3208000.0,False,True,False,False,False
3.1,7,1,1750000.0,False,False,False,True,False
0.8,7,1,946000.0,False,False,False,False,True
3.7,5,1,1666000.0,False,True,False,False,False
2.3,7,1,1405000.0,False,False,False,True,False
6.6,2,1,1790000.0,False,True,False,False,False
5.2,6,1,1880000.0,False,True,False,False,False
6.1,8,1,2870000.0,True,False,False,False,False
9.8,8,1,2722000.0,False,True,False,False,False
11.8,6,1,3622000.0,False,True,False,False,False
8.6,5,1,1969000.0,True,False,False,False,False
10.7,8,1,3799000.0,True,False,False,False,False
6.7,8,1,2274000.0,False,False,False,True,False
7.4,7,1,2272000.0,False,False,False,True,False
3.1,3,1,1262000.0,False,False,False,False,True
5.8,3,1,1518000.0,False,False,True,False,False
2.8,4,1,1251000.0,False,True,False,False,False
2.8,7,1,1370000.0,False,False,False,False,True
5.6,2,1,2160000.0,False,False,False,True,False
4.7,8,1,1818000.0,False,False,True,False,False
9.0,8,1,2332000.0,False,True,False,False,False
3.3,5,0,1131000.0,False,False,False,True,False
8.7,8,1,2937000.0,False,False,False,True,False
1.6,5,1,1133000.0,False,True,False,False,False
5.5,4,1,1841000.0,False,False,True,False,False
10.0,5,1,2842000.0,False,True,False,False,False
7.8,8,1,2384000.0,False,True,False,False,False
1.5,7,1,1206000.0,False,False,False,False,True
7.3,7,1,2237000.0,False,False,True,False,False
6.9,5,1,2009000.0,False,True,False,False,False
1.2,8,1,1006000.0,False,False,False,False,True
5.1,4,1,1688000.0,True,False,False,False,False
10.2,8,1,2910000.0,False,True,False,False,False
8.8,7,1,2469000.0,False,False,False,False,True
3.2,8,1,1629000.0,False,False,True,False,False
0.3,8,1,869000.0,False,False,False,False,True
8.4,4,1,2316000.0,True,False,False,False,False
2.9,5,1,1329000.0,False,False,False,True,False
5.4,2,1,1643000.0,False,True,False,False,False
4.9,3,1,1634000.0,False,False,True,False,False
5.7,6,1,1948000.0,False,False,False,True,False
3.3,4,1,1584000.0,False,False,True,False,False
1.4,6,1,1455000.0,False,False,True,False,False
8.7,8,1,2579000.0,False,True,False,False,False
3.6,7,1,1578000.0,False,True,False,False,False
7.7,8,1,2537000.0,False,False,True,False,False
2.2,2,1,894000.0,False,False,False,True,False
1.4,2,0,825000.0,True,False,False,False,False
6.9,7,1,2584000.0,True,False,False,False,False
6.7,5,1,2534000.0,False,False,False,False,True
4.6,5,1,1542000.0,False,False,False,False,True
7.5,6,1,2538000.0,False,False,True,False,False
7.9,3,1,2629000.0,True,False,False,False,False
1.9,5,1,1174000.0,True,False,False,False,False
2.8,7,1,1494000.0,False,False,False,False,True
7.9,3,1,2418000.0,False,True,False,False,False
7.8,4,1,2442000.0,False,True,False,False,False
9.5,6,1,2440000.0,False,False,False,True,False
8.3,7,1,2692000.0,False,False,False,False,True
0.5,5,1,873000.0,True,False,False,False,False
2.7,7,1,1457000.0,False,True,False,False,False
5.6,7,1,2525000.0,False,False,False,True,False
4.2,4,1,1496000.0,False,False,True,False,False
4.9,5,1,1673000.0,False,False,False,True,False
1.1,4,0,676000.0,False,False,False,False,True
9.9,2,0,2060000.0,False,False,False,False,True
5.5,2,1,1544000.0,False,False,True,False,False
7.5,5,1,2435000.0,False,False,True,False,False
6.6,4,0,1808000.0,True,False,False,False,False
11.7,6,1,3813000.0,True,False,False,False,False
6.6,2,1,2055000.0,True,False,False,False,False
5.5,2,0,1743000.0,False,True,False,False,False
6.0,7,1,1798000.0,False,True,False,False,False
5.5,3,1,1615000.0,False,False,False,False,True
9.0,3,1,2789000.0,False,False,False,True,False
4.1,8,1,1479000.0,False,False,False,True,False
6.5,4,1,2136000.0,False,False,False,True,False
5.5,4,1,1978000.0,False,False,False,False,True
4.6,8,1,1481000.0,False,False,False,True,False
11.6,3,1,3549000.0,True,False,False,False,False
10.5,5,1,2995000.0,False,False,False,True,False
10.5,3,0,2931000.0,False,False,True,False,False
4.1,7,1,1516000.0,False,False,True,False,False
7.5,8,1,1935000.0,False,True,False,False,False
9.0,5,0,2478000.0,False,False,False,True,False
2.0,4,0,1074000.0,True,False,False,False,False
3.5,4,1,1530000.0,False,False,False,True,False
6.8,8,1,2150000.0,False,False,False,False,True
1.7,5,1,1212000.0,True,False,False,False,False
10.8,5,1,3461000.0,True,False,False,False,False
5.3,4,1,1993000.0,False,False,True,False,False
5.5,4,1,1642000.0,False,True,False,False,False
4.6,4,1,2368000.0,True,False,False,False,False
11.7,7,1,3544000.0,False,False,True,False,False
9.3,3,1,2127000.0,False,True,False,False,False
7.6,6,1,2897000.0,True,False,False,False,False
10.8,7,1,2553000.0,False,True,False,False,False
1.1,4,1,1055000.0,False,True,False,False,False
1.6,6,1,1399000.0,False,False,True,False,False
11.0,5,1,2707000.0,False,False,False,True,False
11.6,3,1,3409000.0,False,False,False,True,False
11.6,8,1,3380000.0,False,False,False,True,False
4.4,7,1,1848000.0,False,True,False,False,False
5.7,6,1,2439000.0,False,False,False,True,False
10.9,4,1,3254000.0,True,False,False,False,False
11.4,4,1,2521000.0,False,False,False,False,True
1.6,5,1,1020000.0,False,False,False,True,False
7.0,7,1,2147000.0,False,False,True,False,False
0.4,4,1,902000.0,False,False,True,False,False
1.2,7,1,1121000.0,False,True,False,False,False
11.6,8,1,3479000.0,False,False,True,False,False
2.9,3,1,1665000.0,True,False,False,False,False
10.0,6,1,2584000.0,False,False,False,False,True
0.0,8,1,1233000.0,True,False,False,False,False
4.3,8,1,1719000.0,False,False,False,True,False
6.3,7,1,2836000.0,False,False,False,True,False
6.0,6,1,2200000.0,False,False,False,True,False
7.7,2,0,1772000.0,False,False,False,True,False
5.1,2,0,1273000.0,False,False,False,True,False
0.9,2,1,913000.0,False,True,False,False,False
0.8,4,1,967000.0,False,False,True,False,False
4.6,6,1,2182000.0,True,False,False,False,False
9.5,2,0,2240000.0,False,False,False,False,True
8.7,3,1,2460000.0,False,False,False,True,False
4.1,5,0,1223000.0,False,False,False,True,False
3.8,4,1,1436000.0,True,False,False,False,False
1.1,2,0,719000.0,True,False,False,False,False
8.9,4,1,2561000.0,False,False,False,False,True
11.5,6,0,3333000.0,True,False,False,False,False
11.6,6,1,2561000.0,False,True,False,False,False
7.9,3,0,1901000.0,False,False,False,False,True
4.4,8,1,1707000.0,False,False,False,False,True
11.1,8,1,3171000.0,True,False,False,False,False
2.2,3,1,1383000.0,True,False,False,False,False
1.7,7,1,1236000.0,False,False,False,True,False
4.1,4,1,1258000.0,False,False,False,False,True
1.0,2,1,876000.0,False,False,False,False,True
0.6,2,1,902000.0,False,False,False,True,False
5.8,5,1,2331000.0,False,False,True,False,False
5.2,4,1,1865000.0,False,False,False,False,True
8.0,2,1,1753000.0,False,False,False,False,True
0.7,3,1,760000.0,False,True,False,False,False
9.2,4,0,2483000.0,False,False,False,True,False
2.1,5,1,1377000.0,False,False,True,False,False
0.9,8,0,798000.0,False,False,False,False,True
4.9,7,1,2474000.0,False,False,False,False,True
5.5,7,1,1923000.0,False,False,False,False,True
4.8,2,0,1665000.0,False,False,True,False,False
8.9,3,1,3193000.0,True,False,False,False,False
6.1,2,1,1990000.0,False,True,False,False,False
10.9,4,1,2710000.0,False,True,False,False,False
1.2,4,1,1277000.0,True,False,False,False,False
2.1,8,1,1160000.0,False,True,False,False,False
5.3,5,1,2069000.0,True,False,False,False,False
4.2,2,1,1467000.0,False,False,False,True,False
0.5,4,1,1022000.0,True,False,False,False,False
7.4,6,1,2699000.0,False,False,False,False,True
7.8,4,1,2060000.0,True,False,False,False,False
5.4,8,1,2059000.0,False,True,False,False,False
8.5,5,1,2115000.0,False,False,True,False,False
11.0,5,1,3219000.0,True,False,False,False,False
9.5,7,1,3277000.0,False,False,True,False,False
8.7,7,1,2753000.0,False,False,True,False,False
3.7,7,1,1285000.0,False,False,False,False,True
4.5,8,1,1508000.0,False,False,False,False,True
4.3,4,1,1777000.0,False,False,False,True,False
2.3,3,1,1259000.0,True,False,False,False,False
6.1,6,1,1927000.0,False,False,False,False,True
1.6,5,1,1096000.0,False,True,False,False,False
8.7,2,0,1913000.0,False,True,False,False,False
11.6,6,1,3786000.0,False,True,False,False,False
3.7,8,1,1864000.0,False,False,True,False,False
9.3,6,1,2136000.0,False,False,True,False,False
0.6,5,1,1096000.0,True,False,False,False,False
3.4,8,1,1470000.0,False,False,False,True,False
10.6,2,0,2811000.0,False,False,False,True,False
6.0,3,0,1444000.0,False,True,False,False,False
0.3,2,0,526000.0,False,False,True,False,False
9.5,3,1,2673000.0,False,True,False,False,False
9.1,5,1,3032000.0,False,False,True,False,False
2.6,3,1,991000.0,False,False,False,False,True
5.1,8,1,2109000.0,True,False,False,False,False
1.3,5,1,928000.0,False,False,False,False,True
2.9,3,1,1117000.0,False,False,False,False,True
4.2,6,1,2141000.0,False,False,True,False,False
0.8,6,1,1066000.0,False,False,False,True,False
10.5,2,0,2245000.0,False,False,True,False,False
3.0,2,0,1318000.0,True,False,False,False,False
4.1,7,1,2234000.0,False,False,True,False,False
6.6,8,1,2849000.0,True,False,False,False,False
8.6,5,1,2349000.0,True,False,False,False,False
3.8,4,1,1521000.0,False,False,True,False,False
0.4,7,1,1270000.0,True,False,False,False,False
9.6,5,0,2345000.0,False,False,True,False,False
11.7,5,1,3760000.0,True,False,False,False,False
8.7,2,1,2555000.0,False,True,False,False,False
6.5,4,0,1676000.0,False,False,True,False,False
3.7,6,1,1579000.0,False,False,False,True,False
0.5,8,1,654000.0,False,False,True,False,False
6.2,7,1,1774000.0,False,True,False,False,False
0.8,8,1,1097000.0,False,False,True,False,False
4.5,8,1,1473000.0,False,True,False,False,False
11.5,2,1,3591000.0,False,False,False,True,False
6.2,6,1,1571000.0,False,False,False,False,True
3.4,5,1,1355000.0,False,True,False,False,False
10.8,5,0,2855000.0,False,False,True,False,False
8.5,6,1,3116000.0,False,False,True,False,False
6.1,2,1,1528000.0,False,True,False,False,False
2.8,5,1,1572000.0,False,False,False,True,False
9.6,6,1,2762000.0,False,False,False,True,False
6.3,8,1,1916000.0,False,False,False,True,False
8.2,4,1,2318000.0,False,False,False,False,True
2.2,3,1,1390000.0,True,False,False,False,False
6.2,4,1,1789000.0,False,True,False,False,False
4.2,6,1,1781000.0,False,False,True,False,False
1.5,4,1,991000.0,False,True,False,False,False
7.1,6,1,2086000.0,False,False,False,False,True
0.5,8,1,1004000.0,False,False,False,False,True
7.7,5,1,2924000.0,False,False,True,False,False
5.8,8,1,1765000.0,False,False,False,True,False
5.0,5,1,2383000.0,False,False,True,False,False
8.8,8,1,1949000.0,False,True,False,False,False
5.6,4,1,2121000.0,True,False,False,False,False
3.5,5,1,1699000.0,False,False,True,False,False
11.2,7,1,3213000.0,False,False,False,True,False
10.5,5,1,2565000.0,False,True,False,False,False
2.6,4,1,1158000.0,False,False,False,False,True
10.6,7,1,2685000.0,False,True,False,False,False
10.6,7,0,2293000.0,False,False,False,False,True
6.7,4,1,2122000.0,False,False,False,False,True
5.4,6,1,1918000.0,False,True,False,False,False
11.7,5,1,2749000.0,False,True,False,False,False
2.4,6,1,1544000.0,False,False,True,False,False
9.6,6,1,2600000.0,False,False,False,False,True
3.8,5,1,1574000.0,False,False,False,False,True
9.9,6,1,3169000.0,False,False,True,False,False
4.0,2,1,1429000.0,False,False,True,False,False
9.6,7,1,2367000.0,False,False,False,False,True
6.9,7,1,2348000.0,False,True,False,False,False
9.9,3,1,3316000.0,True,False,False,False,False
2.3,5,1,1277000.0,False,False,False,True,False
6.0,6,1,1886000.0,False,False,False,False,True
2.5,4,1,1552000.0,False,False,True,False,False
11.5,5,1,3013000.0,False,False,True,False,False
7.3,3,1,2456000.0,False,False,True,False,False
2.7,4,1,1294000.0,False,False,False,True,False
3.8,4,1,1572000.0,False,False,True,False,False
1.5,7,1,1406000.0,False,False,True,False,False
11.5,2,0,3134000.0,False,False,True,False,False
9.0,3,1,2916000.0,False,False,True,False,False
11.2,7,1,4086000.0,True,False,False,False,False
8.0,6,1,2559000.0,False,False,True,False,False
8.6,2,0,2224000.0,False,True,False,False,False
0.1,6,1,807000.0,False,True,False,False,False
9.1,4,1,3062000.0,True,False,False,False,False
7.8,3,1,2577000.0,True,False,False,False,False
11.0,3,1,3376000.0,True,False,False,False,False
12.0,5,1,3897000.0,True,False,False,False,False
0.1,6,1,720000.0,False,False,False,False,True
5.9,3,1,2521000.0,False,False,True,False,False
2.3,2,1,1039000.0,False,False,False,True,False
7.8,7,1,1986000.0,False,True,False,False,False
7.3,7,1,3024000.0,True,False,False,False,False
2.2,3,1,1486000.0,True,False,False,False,False
3.1,3,1,1543000.0,False,False,True,False,False
3.6,7,1,1960000.0,True,False,False,False,False
5.6,3,1,1950000.0,False,False,True,False,False
8.3,7,1,2262000.0,False,False,False,True,False
1.8,7,1,1202000.0,False,True,False,False,False
9.1,7,1,2586000.0,False,False,True,False,False
0.9,6,1,1052000.0,False,False,False,False,True
1.8,4,1,1077000.0,False,True,False,False,False
8.6,5,1,2174000.0,False,True,False,False,False
6.2,5,1,2063000.0,False,False,True,False,False
8.7,5,1,2431000.0,False,False,False,False,True
0.9,5,1,1063000.0,True,False,False,False,False
11.8,5,1,2849000.0,False,False,False,True,False
4.5,5,0,1348000.0,False,False,False,False,True
1.6,8,1,1451000.0,True,False,False,False,False
9.1,4,1,2436000.0,False,False,False,True,False
6.4,8,1,2349000.0,True,False,False,False,False
9.7,5,1,3207000.0,True,False,False,False,False
1.2,2,1,905000.0,True,False,False,False,False
2.9,2,0,813000.0,False,True,False,False,False
6.5,8,1,1837000.0,False,False,False,False,True
7.2,7,1,2257000.0,False,False,False,True,False
3.6,2,1,1425000.0,False,True,False,False,False
7.5,5,1,2719000.0,False,False,False,True,False
9.4,4,1,3059000.0,False,False,True,False,False
4.5,8,1,1618000.0,False,False,False,False,True
5.0,5,1,1893000.0,False,False,True,False,False
2.4,7,1,1256000.0,False,False,True,False,False
4.5,6,1,1666000.0,False,True,False,False,False
5.8,8,1,1910000.0,False,True,False,False,False
8.3,7,1,2633000.0,False,False,False,True,False
6.4,4,1,1855000.0,False,False,False,True,False
5.6,8,1,2454000.0,True,False,False,False,False
6.8,3,1,2606000.0,False,False,True,False,False
6.6,6,1,2234000.0,False,False,True,False,False
2.8,6,1,1548000.0,False,False,True,False,False
9.2,5,0,2451000.0,False,True,False,False,False
8.8,4,1,2412000.0,False,False,False,True,False
2.2,6,1,1510000.0,True,False,False,False,False
4.9,8,1,1983000.0,False,False,True,False,False
0.7,7,1,947000.0,False,False,False,False,True
6.6,2,1,1928000.0,False,False,True,False,False
6.4,4,1,2065000.0,False,False,False,True,False
9.7,3,1,2711000.0,False,True,False,False,False
2.9,6,1,1758000.0,False,False,True,False,False
11.5,5,1,3931000.0,True,False,False,False,False
7.8,8,1,3530000.0,True,False,False,False,False
7.6,7,1,1977000.0,False,False,False,False,True
11.0,3,1,2949000.0,False,False,False,False,True
5.7,2,0,1688000.0,False,False,True,False,False
10.8,6,1,3440000.0,False,False,False,False,True
1.7,8,1,1035000.0,False,False,False,False,True
4.0,8,1,1754000.0,True,False,False,False,False
5.2,8,1,1895000.0,False,False,True,False,False
9.4,5,1,2002000.0,False,False,False,True,False
2.2,6,1,1377000.0,True,False,False,False,False
1.0,3,0,592000.0,False,True,False,False,False
8.9,4,0,2426000.0,False,False,True,False,False
5.3,8,1,2334000.0,True,False,False,False,False
0.3,4,1,1090000.0,False,False,True,False,False
10.4,2,1,3103000.0,False,False,False,True,False
9.4,7,1,2445000.0,False,True,False,False,False
1.7,4,1,961000.0,False,True,False,False,False
5.2,5,1,2053000.0,False,False,True,False,False
11.3,7,1,2513000.0,False,True,False,False,False
3.7,5,1,1900000.0,False,False,False,True,False
4.0,8,1,1959000.0,False,False,False,True,False
3.8,5,1,1489000.0,False,False,False,True,False
11.6,8,1,2326000.0,False,False,False,False,True
12.0,3,1,4141000.0,True,False,False,False,False
11.4,5,1,3040000.0,False,False,False,True,False
8.1,3,1,2837000.0,False,False,True,False,False
7.9,7,1,1805000.0,False,False,False,False,True
4.8,6,1,1755000.0,False,False,True,False,False
8.4,8,1,2353000.0,False,False,False,False,True
0.5,7,0,817000.0,True,False,False,False,False
3.1,6,1,1392000.0,False,False,False,True,False
4.5,5,1,1760000.0,False,True,False,False,False
4.1,2,0,1151000.0,False,False,True,False,False
5.0,2,0,1352000.0,False,True,False,False,False
4.2,4,1,1647000.0,False,False,False,True,False
4.2,2,0,1362000.0,False,False,False,True,False
3.8,4,0,1566000.0,True,False,False,False,False
10.2,7,1,2289000.0,False,False,False,False,True
1.9,6,1,961000.0,False,True,False,False,False
7.7,5,1,2710000.0,False,False,False,True,False
7.1,5,1,2636000.0,True,False,False,False,False
6.9,8,1,2179000.0,False,False,True,False,False
8.0,5,1,2598000.0,False,False,False,False,True
4.7,2,0,1401000.0,False,False,False,True,False
7.4,8,1,2851000.0,False,False,True,False,False
1.4,4,1,1029000.0,False,True,False,False,False
6.1,5,1,2420000.0,False,True,False,False,False
5.8,6,1,2539000.0,False,False,True,False,False
1.7,4,1,1145000.0,False,False,True,False,False
11.4,5,1,3442000.0,False,False,False,True,False
4.9,5,1,2198000.0,True,False,False,False,False
6.8,8,1,2523000.0,False,True,False,False,False
9.4,6,1,2732000.0,True,False,False,False,False
6.9,4,1,2654000.0,True,False,False,False,False
9.1,5,1,2826000.0,False,True,False,False,False
3.6,2,1,1187000.0,False,False,True,False,False
10.3,2,0,2428000.0,True,False,False,False,False
9.3,3,1,1786000.0,False,False,False,False,True
8.3,8,1,2371000.0,False,True,False,False,False
9.7,6,1,3155000.0,False,False,True,False,False
11.7,4,1,4169000.0,True,False,False,False,False
1.6,8,1,1195000.0,False,True,False,False,False
8.5,8,1,3116000.0,False,False,False,True,False
5.4,7,1,1636000.0,False,False,False,True,False
11.4,4,1,2757000.0,True,False,False,False,False
8.8,5,0,2070000.0,False,False,False,False,True
4.8,5,1,1942000.0,False,False,True,False,False
4.1,6,1,1890000.0,True,False,False,False,False
1.2,8,1,873000.0,False,False,False,True,False
2.4,7,1,1413000.0,False,False,True,False,False
3.0,4,1,1169000.0,False,False,False,True,False
7.5,7,1,2917000.0,True,False,False,False,False
2.6,2,1,1237000.0,False,True,False,False,False
6.2,5,0,1577000.0,False,False,False,True,False
8.3,5,1,2632000.0,True,False,False,False,False
3.8,4,1,1287000.0,False,True,False,False,False
0.8,6,1,963000.0,False,True,False,False,False
7.5,3,1,2501000.0,False,False,False,True,False
10.3,2,0,2096000.0,False,True,False,False,False
9.0,6,1,2672000.0,False,True,False,False,False
3.3,2,1,1174000.0,False,False,False,False,True
7.2,6,1,1972000.0,False,True,False,False,False
6.2,6,1,1965000.0,False,True,False,False,False
5.9,2,1,1508000.0,False,False,False,False,True
0.9,2,0,561000.0,False,True,False,False,False
4.6,8,1,1785000.0,True,False,False,False,False
7.0,2,1,2966000.0,True,False,False,False,False
11.1,8,1,3563000.0,True,False,False,False,False
7.7,6,1,1984000.0,False,False,False,False,True
11.1,8,1,3056000.0,False,True,False,False,False
0.7,2,0,661000.0,True,False,False,False,False
5.4,6,1,2132000.0,True,False,False,False,False
0.2,3,1,857000.0,False,False,False,True,False
11.4,6,1,3244000.0,False,True,False,False,False
9.0,8,1,2649000.0,False,False,True,False,False
8.5,6,1,2688000.0,True,False,False,False,False
6.0,6,1,2248000.0,True,False,False,False,False
2.7,6,1,1054000.0,False,False,True,False,False
4.6,3,1,1242000.0,False,False,False,False,True
9.6,7,1,3397000.0,False,False,True,False,False
3.3,2,1,1877000.0,True,False,False,False,False
6.0,2,1,1688000.0,False,False,False,False,True
11.8,5,1,3841000.0,True,False,False,False,False
6.6,2,1,2205000.0,False,False,True,False,False
6.8,4,1,3062000.0,False,False,True,False,False
7.1,5,1,2415000.0,False,True,False,False,False
1.8,5,1,1322000.0,True,False,False,False,False
11.4,2,0,2398000.0,False,False,False,True,False
10.2,7,1,2670000.0,True,False,False,False,False
11.7,3,1,3580000.0,True,False,False,False,False
11.1,8,1,2838000.0,False,False,False,True,False
0.9,6,1,898000.0,False,False,True,False,False
10.2,8,1,3085000.0,True,False,False,False,False
11.3,3,1,2963000.0,True,False,False,False,False
1.9,3,0,1034000.0,False,False,False,True,False
1.4,4,1,1182000.0,False,False,False,True,False
3.2,2,1,1420000.0,False,False,True,False,False
9.9,7,1,3510000.0,False,False,True,False,False
4.8,2,1,1769000.0,False,False,True,False,False
9.8,3,0,1976000.0,False,False,False,False,True
9.0,3,0,2558000.0,False,True,False,False,False
1.5,2,0,760000.0,False,True,False,False,False
1.6,8,1,1234000.0,True,False,False,False,False
12.0,3,0,2668000.0,False,True,False,False,False
1.1,8,1,929000.0,False,False,False,False,True
5.2,7,1,1675000.0,False,False,True,False,False
2.6,3,1,1351000.0,False,True,False,False,False
0.4,6,1,1047000.0,False,False,False,False,True
5.7,2,1,1473000.0,False,True,False,False,False
5.0,7,1,2008000.0,False,False,False,True,False
9.4,4,1,2557000.0,False,False,True,False,False
11.0,6,1,2599000.0,False,False,False,False,True
2.6,8,1,1519000.0,True,False,False,False,False
3.0,3,1,1378000.0,True,False,False,False,False
9.2,3,1,2596000.0,False,False,False,True,False
4.3,8,1,1671000.0,False,False,True,False,False
11.4,6,1,3070000.0,False,True,False,False,False
5.9,2,1,1712000.0,False,False,False,False,True
2.6,6,1,1394000.0,False,False,True,False,False
8.6,8,1,2128000.0,False,False,False,False,True
10.3,2,0,2318000.0,False,False,False,True,False
7.0,4,1,2375000.0,False,False,False,True,False
9.5,5,1,2608000.0,False,False,False,False,True
9.4,3,1,2313000.0,False,False,False,True,False
3.7,7,1,1494000.0,False,False,False,False,True
0.4,6,1,1161000.0,True,False,False,False,False
11.2,3,0,2062000.0,False,True,False,False,False
4.2,4,1,1808000.0,False,False,True,False,False
5.4,4,1,1791000.0,False,False,True,False,False
3.1,2,0,1293000.0,True,False,False,False,False
4.6,7,1,1637000.0,False,False,False,True,False
1.2,5,1,795000.0,False,True,False,False,False
2.0,2,0,775000.0,True,False,False,False,False
3.5,4,1,1426000.0,False,True,False,False,False
10.7,3,1,3372000.0,True,False,False,False,False
4.1,6,1,1353000.0,False,False,False,False,True
10.7,3,0,2675000.0,False,True,False,False,False
11.7,5,1,2630000.0,False,False,True,False,False
7.9,4,1,2125000.0,False,False,False,False,True
6.6,5,1,2070000.0,True,False,False,False,False
3.5,7,1,1394000.0,False,True,False,False,False
7.7,2,0,2258000.0,True,False,False,False,False
3.7,5,1,1270000.0,False,False,False,False,True
4.7,4,1,1643000.0,False,False,False,True,False
0.5,5,1,1177000.0,True,False,False,False,False
1.8,7,1,1055000.0,False,False,False,False,True
2.7,2,0,986000.0,False,False,False,False,True
5.0,6,1,1670000.0,False,False,True,False,False
0.9,8,1,1172000.0,False,False,False,True,False
2.1,3,1,1315000.0,False,True,False,False,False
0.5,2,0,369000.0,False,True,False,False,False
12.0,7,1,2955000.0,False,False,False,True,False
6.7,6,1,2124000.0,False,False,False,False,True
7.1,8,1,2066000.0,False,False,False,False,True
9.4,8,1,2645000.0,False,False,False,False,True
7.3,2,1,2014000.0,False,False,False,True,False
1.7,6,0,887000.0,False,True,False,False,False
0.6,5,1,968000.0,False,False,True,False,False
3.7,8,1,1889000.0,False,False,False,True,False
9.3,4,1,3084000.0,True,False,False,False,False
2.3,3,0,977000.0,False,False,False,True,False
9.1,8,1,2473000.0,False,True,False,False,False
9.4,6,1,2909000.0,True,False,False,False,False
3.0,5,1,1406000.0,False,False,True,False,False
9.9,6,1,3086000.0,False,False,True,False,False
5.9,5,1,1979000.0,False,False,True,False,False
4.1,8,1,2041000.0,True,False,False,False,False
2.0,6,1,1638000.0,False,False,True,False,False
7.8,6,0,2243000.0,False,True,False,False,False
7.8,6,1,2413000.0,False,False,True,False,False
5.1,5,1,2099000.0,False,False,False,True,False
3.6,6,1,1358000.0,False,False,False,False,True
12.0,8,1,2833000.0,True,False,False,False,False
5.8,4,1,1783000.0,False,False,True,False,False
7.9,7,1,1991000.0,False,False,True,False,False
8.2,7,1,2409000.0,False,False,False,True,False
8.8,6,1,2606000.0,False,False,False,True,False
10.9,7,1,3829000.0,False,False,True,False,False
1.2,3,1,942000.0,False,False,False,False,True
9.2,3,0,2551000.0,True,False,False,False,False
2.7,3,1,1422000.0,False,False,False,True,False
9.5,4,1,1964000.0,False,False,False,True,False
10.2,5,1,2659000.0,False,False,False,False,True
0.9,3,1,1024000.0,False,False,False,True,False
6.4,5,1,1799000.0,False,False,True,False,False
4.9,6,1,2079000.0,False,False,False,True,False
4.0,3,0,1509000.0,True,False,False,False,False
5.4,3,1,1579000.0,False,False,False,False,True
9.2,5,1,2589000.0,False,False,False,False,True
5.2,5,0,2284000.0,True,False,False,False,False
6.4,7,1,2105000.0,False,True,False,False,False
2.7,4,1,1242000.0,False,False,False,False,True
7.1,3,0,1867000.0,False,False,True,False,False
11.4,5,1,2768000.0,False,False,False,True,False
10.7,3,0,2732000.0,False,True,False,False,False
2.0,8,1,1346000.0,True,False,False,False,False
4.4,7,1,1616000.0,False,False,False,False,True
11.9,7,0,2802000.0,False,False,False,True,False
1.5,4,1,1309000.0,True,False,False,False,False
3.6,7,1,1668000.0,False,False,False,True,False
10.0,2,1,2766000.0,False,False,False,False,True
1.4,2,0,684000.0,False,False,False,True,False
2.4,3,1,1140000.0,False,True,False,False,False
4.3,5,1,1412000.0,False,True,False,False,False
8.3,5,1,2655000.0,True,False,False,False,False
10.9,8,1,3368000.0,False,False,True,False,False
7.7,5,1,2447000.0,False,True,False,False,False
10.5,8,1,3035000.0,True,False,False,False,False
0.1,3,1,899000.0,False,False,True,False,False
4.3,5,1,2038000.0,False,False,True,False,False
2.2,5,1,1323000.0,False,False,False,True,False
7.8,8,1,2749000.0,False,False,False,False,True
5.8,6,1,1655000.0,False,False,False,False,True
0.3,7,1,808000.0,False,False,False,True,False
5.3,2,1,1460000.0,False,False,True,False,False
0.1,8,1,1012000.0,False,False,False,False,True
6.3,7,1,2306000.0,False,False,False,True,False
1.8,8,1,1272000.0,False,False,False,True,False
10.4,2,0,2712000.0,False,False,True,False,False
2.9,4,1,1182000.0,False,False,False,True,False
4.8,3,0,1687000.0,False,False,False,False,True
5.4,8,0,1745000.0,False,False,False,True,False
0.4,6,1,863000.0,False,False,False,False,True
6.7,7,1,2520000.0,False,False,True,False,False
6.7,6,1,2626000.0,True,False,False,False,False
1.2,7,1,1054000.0,False,False,False,False,True
4.5,2,1,1464000.0,False,False,False,True,False
1.7,7,1,1238000.0,False,True,False,False,False
1.4,8,1,1339000.0,False,False,False,False,True
1.5,5,1,1303000.0,False,False,False,True,False
0.1,7,1,986000.0,False,False,False,False,True
2.1,8,1,1258000.0,False,False,False,True,False
11.8,7,1,2715000.0,False,True,False,False,False
1.7,6,1,1070000.0,False,False,False,False,True
7.6,3,1,2383000.0,False,False,True,False,False
8.2,7,1,3233000.0,True,False,False,False,False
9.1,6,1,2216000.0,False,False,True,False,False
10.5,5,1,3437000.0,False,False,False,True,False
1.7,7,1,1369000.0,True,False,False,False,False
8.3,4,1,2416000.0,False,False,True,False,False
9.8,2,1,2130000.0,False,False,False,False,True
10.4,7,1,2364000.0,False,False,False,True,False
4.7,8,1,1945000.0,False,True,False,False,False
10.9,7,1,2936000.0,False,True,False,False,False
3.5,3,1,1171000.0,False,True,False,False,False
8.8,2,0,1853000.0,False,False,False,True,False
3.3,4,1,1576000.0,True,False,False,False,False
4.0,7,1,1836000.0,False,False,False,False,True
10.1,4,1,2828000.0,False,False,True,False,False
0.9,7,1,837000.0,False,True,False,False,False
5.0,6,1,1875000.0,False,False,True,False,False
4.3,3,1,1558000.0,False,False,False,True,False
12.0,8,1,2029000.0,False,False,False,False,True
11.0,3,0,2645000.0,False,False,False,True,False
11.0,2,1,2567000.0,False,False,False,False,True
8.7,2,1,2774000.0,False,False,True,False,False
6.2,6,1,2664000.0,False,False,True,False,False
6.2,2,1,2016000.0,False,False,False,False,True
6.4,7,1,1994000.0,False,True,False,False,False
6.5,7,1,2146000.0,True,False,False,False,False
5.5,4,0,2006000.0,False,True,False,False,False
9.5,6,1,2758000.0,False,False,False,True,False
7.6,5,0,1871000.0,False,False,False,False,True
0.1,7,1,949000.0,False,False,True,False,False
11.1,2,1,3129000.0,False,False,True,False,False
7.3,4,0,2191000.0,True,False,False,False,False
5.7,6,1,1766000.0,False,True,False,False,False
3.6,8,1,1738000.0,True,False,False,False,False
0.5,6,1,910000.0,False,True,False,False,False
9.0,7,1,2385000.0,False,True,False,False,False
2.6,8,1,1196000.0,False,False,False,False,True
0.9,7,1,1132000.0,False,False,True,False,False
1.5,7,1,1152000.0,False,False,False,True,False
5.4,6,1,2068000.0,False,False,False,False,True
4.4,4,1,1083000.0,False,True,False,False,False
9.4,7,1,3113000.0,False,False,False,True,False
5.6,4,1,2483000.0,True,False,False,False,False
2.1,6,1,1000000.0,False,False,True,False,False
8.8,7,1,2296000.0,False,False,False,False,True
2.6,2,1,1078000.0,False,False,False,False,True
10.7,6,1,2361000.0,False,True,False,False,False
10.7,6,1,2453000.0,False,False,False,False,True
1.1,4,1,796000.0,False,False,False,False,True
8.2,8,1,3223000.0,False,False,True,False,False
0.5,8,1,1034000.0,False,False,False,False,True
10.9,4,0,3504000.0,True,False,False,False,False
11.8,4,1,3554000.0,False,False,True,False,False
10.0,4,1,2396000.0,False,False,False,True,False
7.8,4,1,2289000.0,False,False,True,False,False
4.5,3,1,1826000.0,False,False,True,False,False
5.8,5,1,1684000.0,False,False,False,True,False
2.0,2,1,1273000.0,False,False,True,False,False
2.5,3,1,1384000.0,True,False,False,False,False
7.9,5,0,2019000.0,False,False,False,True,False
5.7,6,1,2058000.0,False,True,False,False,False
6.9,3,1,2544000.0,True,False,False,False,False
10.7,3,1,2628000.0,False,True,False,False,False
6.2,5,1,2444000.0,False,False,True,False,False
11.4,3,1,2625000.0,False,False,False,True,False
2.0,8,1,1353000.0,False,True,False,False,False
8.7,4,1,3061000.0,True,False,False,False,False
2.8,5,1,1207000.0,False,False,False,False,True
8.2,8,1,3008000.0,True,False,False,False,False
5.8,3,1,1842000.0,True,False,False,False,False
10.8,8,1,3247000.0,False,True,False,False,False
11.3,5,1,2722000.0,False,False,False,False,True
1.2,3,1,892000.0,False,True,False,False,False
10.9,2,1,2952000.0,False,False,False,False,True
4.9,3,0,1513000.0,True,False,False,False,False
6.9,2,1,1739000.0,False,False,False,True,False
7.9,7,1,1815000.0,False,False,False,False,True
3.0,8,1,1628000.0,False,False,False,True,False
6.6,6,1,1915000.0,False,False,True,False,False
11.9,6,1,3714000.0,False,True,False,False,False
5.4,7,1,1337000.0,False,False,False,False,True
8.4,7,1,3074000.0,False,False,False,True,False
11.1,5,1,3522000.0,True,False,False,False,False
7.3,7,1,2204000.0,False,True,False,False,False
7.7,5,1,2096000.0,False,True,False,False,False
0.4,6,1,1116000.0,True,False,False,False,False
4.3,7,1,1735000.0,False,False,False,True,False
7.0,6,1,2657000.0,False,False,True,False,False
8.7,6,1,2378000.0,False,False,False,False,True
11.6,5,1,3034000.0,False,True,False,False,False
4.9,2,1,1475000.0,False,False,False,False,True
3.5,2,1,1473000.0,False,False,True,False,False
10.5,8,1,3255000.0,False,False,True,False,False
11.5,5,1,2802000.0,True,False,False,False,False
3.1,5,1,1261000.0,False,False,True,False,False
4.9,4,1,2007000.0,False,False,True,False,False
3.0,2,0,1115000.0,False,False,True,False,False
0.9,3,0,618000.0,False,True,False,False,False
10.7,4,1,2917000.0,False,False,False,True,False
8.8,3,1,2487000.0,False,True,False,False,False
2.8,8,1,1383000.0,False,False,False,True,False
7.4,8,1,1969000.0,False,False,False,False,True
10.4,5,1,2818000.0,False,True,False,False,False
9.0,3,1,2243000.0,False,False,False,True,False
5.7,6,1,2084000.0,False,False,False,True,False
11.7,7,1,2552000.0,False,False,False,True,False
7.0,4,1,2225000.0,False,False,False,False,True
3.2,4,1,1438000.0,False,True,False,False,False
6.0,3,0,1802000.0,False,False,True,False,False
4.4,5,1,1724000.0,False,False,False,False,True
8.2,8,1,2918000.0,False,True,False,False,False
9.6,7,1,2989000.0,False,True,False,False,False
11.9,8,1,2323000.0,False,False,False,False,True
10.3,2,0,2012000.0,False,True,False,False,False
0.7,8,1,1028000.0,False,False,True,False,False
6.7,8,1,2360000.0,False,False,True,False,False
4.3,7,1,1682000.0,False,False,False,False,True
3.4,7,1,1623000.0,True,False,False,False,False
0.9,4,1,1037000.0,False,False,True,False,False
8.5,6,1,2101000.0,False,False,False,False,True
11.6,5,1,3024000.0,False,False,True,False,False
11.3,7,1,2955000.0,True,False,False,False,False
11.2,5,1,3074000.0,True,False,False,False,False
1.2,6,1,876000.0,False,True,False,False,False
8.9,5,1,2596000.0,True,False,False,False,False
0.4,4,0,611000.0,False,False,False,False,True
11.2,6,1,2477000.0,False,False,False,False,True
5.5,7,1,2724000.0,False,False,True,False,False
5.8,3,0,1808000.0,False,False,True,False,False
4.4,4,1,1546000.0,False,False,False,False,True
9.8,8,1,2686000.0,False,False,True,False,False
0.1,5,1,833000.0,False,False,False,False,True
4.5,5,1,1525000.0,False,True,False,False,False
8.6,7,1,2512000.0,False,True,False,False,False
6.2,8,1,2813000.0,False,False,False,True,False
2.3,2,1,1221000.0,False,False,True,False,False
1.3,5,1,1232000.0,False,False,False,True,False
2.3,2,1,983000.0,False,False,False,False,True
0.3,2,1,747000.0,False,True,False,False,False
8.6,7,1,3288000.0,False,False,True,False,False
5.0,8,1,2011000.0,True,False,False,False,False
3.2,5,1,1857000.0,False,False,True,False,False
9.8,8,1,3531000.0,True,False,False,False,False
2.4,7,1,1332000.0,False,False,True,False,False
11.2,3,0,2642000.0,False,False,False,False,True
6.3,4,1,2381000.0,False,False,True,False,False
10.7,8,1,3121000.0,False,True,False,False,False
9.5,6,1,2021000.0,False,False,False,False,True
9.4,5,1,2340000.0,False,True,False,False,False
1.9,2,1,1118000.0,False,False,True,False,False
11.2,8,1,2972000.0,False,True,False,False,False
5.9,4,1,2106000.0,False,False,False,True,False
8.8,2,0,2342000.0,False,False,True,False,False
8.7,4,0,1881000.0,False,False,False,True,False
6.7,6,1,2388000.0,False,False,True,False,False
3.9,5,1,1948000.0,True,False,False,False,False
6.4,5,1,2233000.0,False,False,False,True,False
0.0,7,1,915000.0,False,False,False,False,True
2.9,7,1,1465000.0,False,False,False,False,True
1.8,4,0,1047000.0,True,False,False,False,False
1.2,7,1,1119000.0,False,False,False,True,False
2.3,2,1,946000.0,False,False,False,True,False
7.9,6,1,2431000.0,False,True,False,False,False
7.3,2,1,2226000.0,False,False,False,True,False
11.1,8,1,3370000.0,False,False,True,False,False
9.5,2,1,2308000.0,False,False,True,False,False
6.3,7,1,2115000.0,True,False,False,False,False
8.7,6,1,2642000.0,False,False,False,False,True
7.5,3,1,2233000.0,False,False,False,True,False
9.0,8,1,2794000.0,False,True,False,False,False
6.6,6,1,2271000.0,False,False,True,False,False
10.8,6,0,2855000.0,False,False,True,False,False
7.3,6,1,2563000.0,False,False,False,True,False
5.4,5,1,2019000.0,True,False,False,False,False
6.2,4,1,2136000.0,False,False,True,False,False
0.3,8,1,1056000.0,True,False,False,False,False
5.5,3,1,1592000.0,False,False,False,False,True
3.0,4,1,1335000.0,False,False,False,True,False
6.8,3,0,1965000.0,False,False,True,False,False
9.5,3,0,2026000.0,False,False,False,False,True
9.8,2,1,3208000.0,False,False,True,False,False
0.4,8,1,1018000.0,True,False,False,False,False
10.4,3,1,3131000.0,True,False,False,False,False
7.6,7,1,2063000.0,False,False,False,False,True
1.8,6,1,1425000.0,False,False,False,True,False
9.0,6,1,2579000.0,False,True,False,False,False
1.6,2,1,1332000.0,True,False,False,False,False
6.6,4,1,1646000.0,False,True,False,False,False
9.1,5,1,2465000.0,False,False,False,False,True
2.4,6,1,1476000.0,False,False,False,True,False
3.9,6,0,1431000.0,False,False,True,False,False
2.3,4,1,1343000.0,False,True,False,False,False
11.9,6,1,3426000.0,True,False,False,False,False
11.1,3,1,3300000.0,False,True,False,False,False
9.1,8,1,3952000.0,True,False,False,False,False
4.1,8,1,1585000.0,False,True,False,False,False
6.6,8,1,2208000.0,False,False,True,False,False
2.0,4,1,1459000.0,False,False,True,False,False
0.6,7,1,1365000.0,True,False,False,False,False
3.5,7,1,1350000.0,False,False,False,False,True
6.4,3,1,1749000.0,False,False,False,False,True
11.1,2,1,2568000.0,False,False,False,False,True
3.7,5,1,1366000.0,False,False,True,False,False
4.3,4,1,1529000.0,False,False,True,False,False
10.5,8,1,3001000.0,True,False,False,False,False
8.8,6,1,2254000.0,False,True,False,False,False
6.9,5,1,2083000.0,False,True,False,False,False
2.5,3,1,1231000.0,False,True,False,False,False
10.4,4,1,3382000.0,False,False,False,True,False
11.9,8,1,2756000.0,False,True,False,False,False
3.8,3,0,1445000.0,False,False,True,False,False
10.6,5,1,2978000.0,False,False,True,False,False
1.8,3,1,1260000.0,True,False,False,False,False
9.1,6,1,2614000.0,False,False,False,False,True
2.8,7,1,1137000.0,False,False,False,False,True
5.6,7,1,1996000.0,False,True,False,False,False
2.7,5,1,1324000.0,False,True,False,False,False
9.1,2,1,2434000.0,False,False,False,False,True
5.9,4,1,2028000.0,False,False,False,True,False
9.3,6,0,2853000.0,False,False,False,False,True
11.3,6,1,3248000.0,True,False,False,False,False
5.4,8,1,1697000.0,False,False,False,False,True
9.2,2,1,2357000.0,False,False,False,True,False
4.8,4,1,1552000.0,False,True,False,False,False
5.1,6,1,1725000.0,False,False,False,True,False
1.1,6,1,1229000.0,False,False,False,True,False
5.0,5,1,2124000.0,False,False,False,True,False
1.1,4,1,1069000.0,True,False,False,False,False
1.1,7,1,907000.0,False,False,False,False,True
11.4,5,1,2961000.0,False,False,False,False,True
10.5,8,1,2804000.0,False,False,False,True,False
3.5,3,1,1775000.0,True,False,False,False,False
7.5,4,0,1864000.0,False,False,False,False,True
9.7,6,1,2273000.0,False,False,False,True,False
4.9,2,1,2285000.0,True,False,False,False,False
2.9,6,1,1662000.0,False,True,False,False,False
1.8,7,1,1208000.0,False,False,True,False,False
11.0,2,0,2393000.0,False,True,False,False,False
1.9,4,1,1098000.0,False,False,False,False,True
6.9,6,1,2629000.0,True,False,False,False,False
9.2,4,0,2294000.0,False,False,False,False,True
0.8,5,1,1110000.0,False,False,False,False,True
5.0,3,1,1945000.0,True,False,False,False,False
1.3,7,1,944000.0,False,False,False,False,True
10.2,4,1,2240000.0,False,True,False,False,False
7.4,5,1,1994000.0,False,True,False,False,False
10.6,3,1,3235000.0,True,False,False,False,False
1.4,5,1,1218000.0,False,False,False,False,True
12.0,5,1,2866000.0,False,True,False,False,False
0.1,3,1,909000.0,True,False,False,False,False
3.7,6,1,1660000.0,False,False,True,False,False
4.8,6,1,2066000.0,False,False,False,True,False
11.0,8,1,4043000.0,False,False,False,True,False
9.4,5,1,2286000.0,False,False,False,False,True
8.7,4,1,2152000.0,False,False,False,False,True
8.2,8,1,2867000.0,False,False,False,True,False
7.5,8,1,2725000.0,False,False,True,False,False
8.5,4,1,3161000.0,False,False,True,False,False
5.4,4,1,2263000.0,True,False,False,False,False
4.5,2,1,1758000.0,True,False,False,False,False
5.3,2,0,1461000.0,False,False,False,False,True
1.8,4,1,1360000.0,False,False,True,False,False
9.3,3,0,2322000.0,False,False,False,False,True
8.1,3,1,2507000.0,False,False,False,True,False
4.7,8,1,2092000.0,False,False,False,True,False
10.7,2,1,3391000.0,False,False,True,False,False
0.3,8,1,1042000.0,False,False,False,False,True
3.8,5,1,1777000.0,False,False,True,False,False
1.4,6,1,1011000.0,False,False,False,False,True
3.8,3,1,1398000.0,False,False,False,False,True
2.9,2,1,1556000.0,False,False,True,False,False
6.5,2,1,1816000.0,False,False,False,True,False
10.8,2,0,3073000.0,True,False,False,False,False
1.0,5,1,975000.0,False,False,False,True,False
7.4,4,1,2059000.0,False,False,False,False,True
0.9,8,1,1329000.0,False,False,True,False,False
8.2,7,1,2689000.0,False,False,True,False,False
4.7,7,0,1767000.0,True,False,False,False,False
5.7,4,1,1680000.0,False,False,True,False,False
7.3,3,1,2729000.0,True,False,False,False,False
3.9,7,1,1711000.0,False,True,False,False,False
7.5,6,1,2683000.0,False,False,False,False,True
5.2,5,1,1705000.0,False,True,False,False,False
8.0,2,0,1899000.0,False,False,False,False,True
10.0,2,1,2787000.0,False,False,False,True,False
3.9,2,0,1389000.0,False,True,False,False,False
3.7,5,1,1540000.0,False,False,False,True,False
3.9,7,1,1641000.0,False,True,False,False,False
7.9,5,1,2563000.0,False,False,False,True,False
2.3,7,1,1439000.0,False,False,True,False,False
11.9,6,1,3457000.0,True,False,False,False,False
4.4,6,1,1850000.0,False,False,True,False,False
10.4,3,1,3181000.0,False,False,False,True,False
7.5,7,1,2083000.0,False,False,False,True,False
1.7,6,1,1158000.0,False,True,False,False,False
1.6,2,0,671000.0,False,True,False,False,False
8.7,5,1,2913000.0,False,False,False,True,False
10.3,8,1,2202000.0,False,False,False,False,True
9.8,5,1,2932000.0,True,False,False,False,False
6.9,8,1,2720000.0,True,False,False,False,False
11.7,6,1,4285000.0,True,False,False,False,False
1.7,7,1,1107000.0,False,False,False,False,True
10.7,2,1,3017000.0,True,False,False,False,False
8.2,6,1,2765000.0,False,False,False,False,True
9.3,5,1,2203000.0,False,False,False,True,False
4.2,8,1,1292000.0,False,False,False,True,False
6.9,6,1,2448000.0,False,False,True,False,False
5.8,3,1,1874000.0,False,False,True,False,False
3.0,6,1,1216000.0,False,True,False,False,False
10.9,7,1,3308000.0,False,False,False,True,False
2.2,6,1,1271000.0,False,True,False,False,False
10.1,8,1,2478000.0,False,False,False,False,True
8.8,4,1,2438000.0,True,False,False,False,False
2.0,5,1,1288000.0,False,True,False,False,False
4.6,7,1,2031000.0,False,False,True,False,False
11.1,5,1,3394000.0,True,False,False,False,False
1.2,6,1,1399000.0,False,False,True,False,False
3.2,8,1,1234000.0,False,False,False,False,True
4.0,7,1,1562000.0,True,False,False,False,False
4.9,6,1,1753000.0,False,False,True,False,False
2.3,2,1,1335000.0,True,False,False,False,False
11.3,7,1,3659000.0,True,False,False,False,False
10.3,3,0,2228000.0,False,False,False,False,True
9.6,3,0,2373000.0,False,True,False,False,False
3.0,5,1,1206000.0,False,False,False,True,False
8.3,7,1,3379000.0,True,False,False,False,False
4.6,4,1,1686000.0,False,False,False,True,False
0.8,3,1,1040000.0,False,False,False,True,False
1.3,6,1,1161000.0,False,False,False,True,False
8.6,2,0,2582000.0,True,False,False,False,False
6.9,4,0,1921000.0,False,True,False,False,False
7.8,2,0,2103000.0,False,False,False,True,False
3.2,7,1,1642000.0,False,False,False,True,False
4.8,7,1,2135000.0,False,False,False,True,False
11.4,8,1,3256000.0,False,False,False,True,False
0.7,7,1,1066000.0,False,True,False,False,False
2.1,2,0,818000.0,False,True,False,False,False
3.6,5,0,1481000.0,False,False,False,True,False
1.0,7,1,910000.0,False,False,False,False,True
2.9,5,1,1702000.0,False,False,False,True,False
6.4,8,1,2181000.0,False,False,False,True,False
1.4,8,1,1131000.0,True,False,False,False,False
0.4,3,0,572000.0,False,False,False,True,False
10.9,6,1,2644000.0,False,True,False,False,False
7.6,4,0,2023000.0,False,False,False,False,True
2.0,6,1,1051000.0,False,False,False,False,True
2.6,8,1,1238000.0,False,False,False,False,True
6.6,4,1,1475000.0,False,False,False,False,True
2.1,2,1,1031000.0,False,True,False,False,False
9.1,3,1,1733000.0,False,True,False,False,False
5.3,6,1,1475000.0,False,True,False,False,False
0.2,5,1,858000.0,False,False,False,False,True
10.6,5,1,3054000.0,False,True,False,False,False
1.7,4,1,1132000.0,False,True,False,False,False
7.3,2,1,1919000.0,False,False,False,True,False
7.3,2,0,1971000.0,False,False,True,False,False
4.2,2,1,1486000.0,False,True,False,False,False
1.4,6,1,977000.0,False,False,False,True,False
9.2,7,1,3202000.0,False,False,False,True,False
2.1,7,1,1444000.0,False,False,False,True,False
3.0,6,0,1042000.0,False,False,False,False,True
2.1,8,1,1344000.0,False,False,False,True,False
2.4,7,1,1337000.0,False,True,False,False,False
8.9,8,1,2028000.0,False,False,False,True,False
1.7,6,1,1106000.0,False,True,False,False,False
7.6,4,1,1917000.0,False,False,False,False,True
0.7,3,0,548000.0,False,False,False,True,False
5.0,8,1,2102000.0,True,False,False,False,False
4.9,6,1,2324000.0,False,False,True,False,False
0.2,5,1,931000.0,False,False,False,True,False
7.0,6,1,2090000.0,False,False,False,True,False
8.8,6,1,2779000.0,False,False,False,True,False
5.9,2,1,2514000.0,True,False,False,False,False
8.3,5,1,3116000.0,True,False,False,False,False
0.2,7,1,937000.0,False,False,False,True,False
5.6,3,0,1402000.0,False,True,False,False,False
9.5,4,0,2953000.0,True,False,False,False,False
10.3,2,0,2727000.0,False,False,True,False,False
6.4,4,1,2073000.0,False,False,False,False,True
6.5,8,1,2704000.0,True,False,False,False,False
1.3,4,1,1235000.0,False,False,True,False,False
2.1,6,1,1246000.0,False,False,True,False,False
2.9,2,0,1079000.0,False,False,False,False,True
10.5,7,1,2764000.0,False,False,False,False,True
8.2,4,0,2674000.0,False,False,False,True,False
5.8,6,1,1924000.0,False,False,True,False,False
5.4,4,0,1830000.0,False,True,False,False,False
10.7,5,1,3424000.0,True,False,False,False,False
1.3,4,1,923000.0,False,True,False,False,False
10.5,6,1,2641000.0,False,True,False,False,False
5.7,5,1,1793000.0,False,True,False,False,False
0.8,8,1,1137000.0,False,False,False,True,False
7.1,7,1,2552000.0,False,False,True,False,False
2.1,4,1,1278000.0,True,False,False,False,False
1.8,4,1,1041000.0,False,False,False,False,True
3.4,3,0,1389000.0,False,True,False,False,False
1.9,2,0,908000.0,False,False,False,False,True
1.5,4,1,1302000.0,True,False,False,False,False
8.0,4,1,2278000.0,False,True,False,False,False
6.4,2,0,1743000.0,False,False,False,True,False
11.2,8,1,3526000.0,False,False,True,False,False
5.7,4,1,1532000.0,False,False,False,False,True
8.7,5,0,2503000.0,True,False,False,False,False
1.7,6,1,955000.0,False,False,False,True,False
4.3,4,1,1566000.0,False,False,False,False,True
6.3,8,1,2659000.0,True,False,False,False,False
11.7,5,1,2690000.0,False,False,False,False,True
11.3,7,1,3888000.0,False,False,True,False,False
0.1,4,1,787000.0,True,False,False,False,False
2.6,5,1,1054000.0,False,True,False,False,False
9.7,5,1,3204000.0,True,False,False,False,False
1.7,4,1,1444000.0,True,False,False,False,False
11.2,6,1,3697000.0,False,False,False,True,False
2.1,5,1,1119000.0,False,True,False,False,False
10.0,4,1,2846000.0,False,False,False,False,True
3.6,6,1,1635000.0,False,False,True,False,False
3.6,7,1,1499000.0,False,True,False,False,False
5.9,7,1,2071000.0,False,False,False,False,True
8.9,6,1,3211000.0,True,False,False,False,False
4.5,7,1,1511000.0,False,False,True,False,False
5.5,7,1,2437000.0,False,False,True,False,False
0.6,4,1,1013000.0,False,True,False,False,False
9.2,3,1,2278000.0,False,True,False,False,False
6.5,8,1,2211000.0,False,True,False,False,False
0.2,6,1,908000.0,False,True,False,False,False
1.2,3,1,934000.0,False,False,False,False,True
7.4,8,1,2536000.0,True,False,False,False,False
1.4,3,0,732000.0,False,False,True,False,False
3.7,4,1,1382000.0,False,False,False,False,True
9.2,4,1,3388000.0,True,False,False,False,False
2.7,8,1,1766000.0,True,False,False,False,False
5.1,8,1,2100000.0,True,False,False,False,False
0.4,7,1,1205000.0,True,False,False,False,False
3.6,2,0,870000.0,True,False,False,False,False
11.0,3,1,3494000.0,False,False,True,False,False
0.4,3,1,603000.0,False,False,False,False,True
4.2,3,1,1383000.0,False,False,False,False,True
2.9,6,1,1183000.0,False,True,False,False,False
11.6,3,1,2933000.0,True,False,False,False,False
11.7,2,1,3151000.0,False,False,False,False,True
10.2,5,1,3051000.0,True,False,False,False,False
2.2,4,1,1221000.0,False,True,False,False,False
4.9,8,1,1969000.0,False,False,True,False,False
6.7,2,0,1879000.0,False,False,False,True,False
1.4,4,1,1079000.0,False,False,False,True,False
2.7,5,1,1150000.0,False,False,False,True,False
11.3,4,1,3854000.0,True,False,False,False,False
4.8,6,1,1701000.0,False,False,False,True,False
8.3,2,1,2190000.0,True,False,False,False,False
4.4,3,1,1546000.0,False,False,False,True,False
1.5,8,1,1506000.0,False,False,True,False,False
5.7,6,1,2488000.0,True,False,False,False,False
1.5,5,1,1222000.0,True,False,False,False,False
8.9,8,1,2691000.0,False,False,True,False,False
7.5,2,0,1692000.0,False,False,False,False,True
9.2,8,1,3118000.0,False,False,False,False,True
4.1,8,1,1898000.0,False,False,True,False,False
10.2,5,1,3127000.0,False,False,True,False,False
10.6,3,1,3357000.0,False,False,True,False,False
8.6,5,1,2364000.0,False,False,False,False,True
8.2,6,1,2404000.0,False,False,False,True,False
3.2,6,1,1655000.0,True,False,False,False,False
0.3,2,1,814000.0,False,False,True,False,False
4.2,7,1,1715000.0,False,False,False,True,False
4.1,4,0,1379000.0,False,True,False,False,False
3.0,7,1,1562000.0,False,False,True,False,False
2.0,6,1,1240000.0,False,False,False,False,True
10.8,4,1,3298000.0,True,False,False,False,False
11.8,5,1,3191000.0,False,False,False,True,False
1.2,7,1,780000.0,False,False,False,False,True
3.6,5,1,1629000.0,False,True,False,False,False
3.4,2,1,1457000.0,False,False,False,True,False
9.7,6,1,3253000.0,False,False,True,False,False
3.3,6,1,1121000.0,True,False,False,False,False
7.8,4,1,2656000.0,False,False,False,False,True
3.8,5,1,1410000.0,False,False,False,False,True
2.2,2,0,913000.0,False,False,False,False,True
10.4,6,1,2321000.0,False,False,False,False,True
9.7,8,1,3193000.0,False,False,True,False,False
5.5,3,1,1688000.0,False,False,True,False,False
10.1,5,1,2613000.0,False,False,False,True,False
3.2,4,1,1594000.0,False,False,False,False,True
2.8,3,1,1458000.0,True,False,False,False,False
2.9,8,1,1467000.0,False,True,False,False,False
3.3,2,1,1593000.0,False,False,True,False,False
7.9,3,0,2170000.0,False,False,False,True,False
9.4,2,0,2461000.0,False,False,True,False,False
7.2,8,1,2341000.0,False,True,False,False,False
1.3,7,1,1480000.0,False,False,False,True,False
10.6,3,1,2967000.0,False,False,True,False,False
4.0,6,1,1613000.0,False,True,False,False,False
1.7,3,1,1234000.0,False,False,False,True,False
3.1,6,1,1516000.0,False,False,False,False,True
5.1,7,1,2270000.0,False,False,True,False,False
0.3,6,1,1033000.0,False,False,True,False,False
6.6,4,0,1788000.0,True,False,False,False,False
6.4,3,0,2380000.0,True,False,False,False,False
10.9,5,1,2690000.0,False,False,True,False,False
2.5,3,0,1061000.0,False,False,True,False,False
10.6,8,1,2749000.0,False,False,False,True,False
11.1,4,1,3102000.0,False,False,True,False,False
6.1,4,1,2173000.0,False,False,True,False,False
5.4,2,0,1507000.0,False,True,False,False,False
7.6,8,1,2900000.0,True,False,False,False,False
1.9,6,1,1540000.0,False,False,True,False,False
5.4,8,1,2006000.0,False,True,False,False,False
1.0,4,1,917000.0,False,True,False,False,False
0.2,2,1,777000.0,False,False,False,False,True
7.5,2,1,2641000.0,False,False,True,False,False
8.4,3,1,2065000.0,False,False,False,True,False
7.2,3,1,2128000.0,False,False,False,False,True
1.4,7,1,1209000.0,False,True,False,False,False
8.6,3,0,2205000.0,False,False,True,False,False
3.5,5,1,1688000.0,False,True,False,False,False
11.9,4,1,2951000.0,False,True,False,False,False
4.9,3,1,1675000.0,False,True,False,False,False
7.4,3,1,2178000.0,False,False,False,True,False
1.0,5,1,978000.0,False,True,False,False,False
8.6,7,1,2560000.0,True,False,False,False,False
0.6,3,1,660000.0,False,False,False,False,True
8.5,8,1,3247000.0,False,False,True,False,False
1.6,6,1,1055000.0,False,False,False,True,False
11.2,5,1,2681000.0,False,False,False,True,False
1.7,2,0,558000.0,False,True,False,False,False
6.0,8,1,1950000.0,False,False,False,True,False
10.7,4,1,2226000.0,False,False,False,False,True
10.2,7,1,3326000.0,False,True,False,False,False
2.2,5,1,1606000.0,True,False,False,False,False
11.9,5,1,2919000.0,False,False,False,True,False
5.5,2,0,1867000.0,False,True,False,False,False
1.5,2,1,1195000.0,False,False,True,False,False
2.2,3,1,1044000.0,False,False,False,False,True
10.7,6,1,2084000.0,False,False,False,True,False
11.0,3,0,3857000.0,True,False,False,False,False
10.6,2,1,2675000.0,True,False,False,False,False
4.7,6,1,1435000.0,False,False,False,True,False
10.0,7,1,3663000.0,True,False,False,False,False
7.9,5,1,2948000.0,False,True,False,False,False
10.4,8,1,3479000.0,False,False,False,True,False
3.1,3,0,1332000.0,True,False,False,False,False
0.2,3,1,856000.0,False,False,False,True,False
3.4,8,1,1841000.0,False,False,True,False,False
8.0,8,1,2488000.0,False,False,False,False,True
7.2,2,0,2028000.0,False,False,True,False,False
7.4,5,1,2424000.0,False,False,True,False,False
11.7,7,1,2894000.0,False,False,False,False,True
1.0,5,1,888000.0,False,True,False,False,False
11.8,7,1,2835000.0,False,False,False,False,True
0.9,2,1,655000.0,False,False,False,False,True
5.1,2,0,1312000.0,False,False,False,False,True
9.8,4,1,2737000.0,True,False,False,False,False
1.4,7,1,1013000.0,False,False,False,True,False
10.5,4,1,2933000.0,False,False,False,True,False
7.5,4,1,2537000.0,False,True,False,False,False
2.2,7,1,1674000.0,True,False,False,False,False
4.7,2,1,1344000.0,False,False,False,True,False
5.5,5,1,1763000.0,False,False,True,False,False
7.4,6,0,2383000.0,False,False,True,False,False
1.1,3,1,979000.0,True,False,False,False,False
8.4,3,1,2357000.0,False,False,False,True,False
7.8,7,1,2596000.0,False,False,False,True,False
1.8,5,1,1044000.0,False,False,False,True,False
5.7,8,1,2173000.0,False,False,True,False,False
0.1,7,1,800000.0,False,False,True,False,False
0.4,5,1,839000.0,False,False,False,True,False
2.8,2,1,1330000.0,False,False,False,True,False
6.9,6,1,1799000.0,False,False,False,True,False
7.5,7,1,2388000.0,False,True,False,False,False
5.6,5,1,2017000.0,False,False,True,False,False
11.1,8,1,3480000.0,False,False,True,False,False
9.6,8,1,2769000.0,False,True,False,False,False
2.4,6,1,1481000.0,False,True,False,False,False
2.5,2,0,1004000.0,False,False,True,False,False
4.3,3,1,1736000.0,True,False,False,False,False
9.7,4,1,3128000.0,True,False,False,False,False
6.7,5,1,2084000.0,False,False,False,False,True
3.2,3,1,1273000.0,False,False,False,False,True
8.0,7,1,2261000.0,False,False,False,False,True
0.5,2,1,859000.0,True,False,False,False,False
10.5,4,1,2643000.0,False,False,False,True,False
9.1,5,1,2284000.0,False,False,True,False,False
4.0,3,1,1877000.0,False,False,False,True,False
11.6,8,1,3114000.0,True,False,False,False,False
3.2,7,1,1271000.0,False,False,False,False,True
5.1,3,1,1616000.0,False,False,False,True,False
11.0,5,1,3779000.0,True,False,False,False,False
5.3,8,1,1904000.0,False,False,False,True,False
11.8,3,0,3685000.0,True,False,False,False,False
7.9,7,1,2257000.0,False,False,False,True,False
4.8,7,1,1990000.0,False,False,True,False,False
10.8,6,1,2451000.0,False,False,False,False,True
7.5,6,0,2482000.0,False,True,False,False,False
10.6,2,1,2532000.0,False,False,True,False,False
4.7,7,1,1718000.0,False,False,False,False,True
6.6,6,1,2118000.0,False,False,False,False,True
7.1,3,1,2272000.0,False,False,False,True,False
11.8,2,0,2849000.0,False,False,True,False,False
3.1,6,0,1232000.0,False,False,True,False,False
6.9,2,0,1744000.0,False,True,False,False,False
9.7,6,1,2606000.0,False,True,False,False,False
4.2,4,1,1729000.0,False,True,False,False,False
8.6,6,1,3093000.0,False,True,False,False,False
9.9,4,1,2568000.0,False,False,False,True,False
9.9,2,0,2015000.0,False,False,False,True,False
10.7,5,1,2648000.0,False,False,False,False,True
4.8,6,1,2368000.0,False,False,False,True,False
12.0,7,1,2818000.0,False,True,False,False,False
5.8,5,1,2254000.0,False,True,False,False,False
5.5,2,1,1982000.0,False,False,False,False,True
4.4,2,1,1491000.0,False,False,False,True,False
1.3,4,1,1070000.0,False,True,False,False,False
1.4,4,1,1452000.0,True,False,False,False,False
9.5,3,1,2864000.0,True,False,False,False,False
11.2,4,1,2936000.0,False,False,False,True,False
0.0,6,1,834000.0,False,False,True,False,False
6.8,4,0,1488000.0,False,False,False,False,True
1.6,3,1,992000.0,False,False,False,True,False
8.0,3,0,2005000.0,True,False,False,False,False
9.6,7,1,3185000.0,True,False,False,False,False
11.5,5,1,3199000.0,True,False,False,False,False
6.9,8,1,2247000.0,False,True,False,False,False
11.5,6,1,2550000.0,False,False,False,True,False
6.0,2,0,1549000.0,False,False,False,False,True
2.2,2,1,1220000.0,False,True,False,False,False
2.9,7,1,1115000.0,False,False,False,True,False
7.1,5,1,2331000.0,False,False,False,True,False
0.3,6,1,957000.0,False,False,False,False,True
2.0,3,1,1122000.0,True,False,False,False,False
1.9,5,1,1377000.0,False,True,False,False,False
0.3,2,1,937000.0,True,False,False,False,False
3.8,5,1,1641000.0,True,False,False,False,False
2.4,8,1,1453000.0,False,False,True,False,False
0.7,5,1,1028000.0,False,False,False,True,False
7.6,2,1,2046000.0,False,False,False,False,True
8.1,3,1,2401000.0,False,True,False,False,False
3.7,5,1,1323000.0,False,True,False,False,False
4.5,3,1,1684000.0,False,False,False,True,False
11.5,6,1,2485000.0,False,True,False,False,False
0.0,5,1,851000.0,False,False,True,False,False
10.1,3,1,2571000.0,False,False,True,False,False
0.5,7,1,862000.0,False,True,False,False,False
8.7,4,1,2625000.0,False,False,False,False,True
11.5,4,0,3304000.0,False,False,True,False,False
11.8,7,1,3463000.0,False,False,False,True,False
11.5,4,1,3030000.0,True,False,False,False,False
7.3,2,0,1741000.0,False,True,False,False,False
5.0,7,1,1959000.0,False,False,False,False,True
0.4,8,1,1020000.0,False,False,False,True,False
2.1,8,1,1946000.0,True,False,False,False,False
2.7,2,1,1380000.0,False,False,True,False,False
2.3,8,1,1604000.0,True,False,False,False,False
3.4,7,1,1575000.0,False,False,True,False,False
6.8,5,1,2006000.0,False,False,False,False,True
6.8,2,1,2312000.0,True,False,False,False,False
1.5,6,1,1424000.0,True,False,False,False,False
11.9,7,1,4114000.0,True,False,False,False,False
11.3,7,1,3220000.0,True,False,False,False,False
8.2,5,1,2338000.0,True,False,False,False,False
3.3,5,1,1100000.0,False,True,False,False,False
4.0,6,1,1671000.0,False,True,False,False,False
2.4,4,1,1249000.0,True,False,False,False,False
0.3,5,1,686000.0,False,False,True,False,False
3.0,5,1,1418000.0,False,True,False,False,False
11.3,8,1,4667000.0,True,False,False,False,False
11.0,5,1,3410000.0,True,False,False,False,False
11.0,5,1,3756000.0,True,False,False,False,False
1.2,2,1,1017000.0,False,False,True,False,False
10.2,5,1,2555000.0,False,False,False,False,True
9.4,6,1,2745000.0,False,False,False,False,True
1.2,7,1,1238000.0,True,False,False,False,False
1.2,6,1,1028000.0,False,False,False,False,True
3.1,5,1,1426000.0,False,True,False,False,False
1.7,2,1,1022000.0,False,False,True,False,False
7.0,6,1,2397000.0,False,True,False,False,False
1.8,4,1,1278000.0,True,False,False,False,False
6.2,7,1,1926000.0,False,False,False,True,False
4.1,3,1,1900000.0,True,False,False,False,False
4.1,7,1,1381000.0,False,False,False,False,True
3.6,4,1,1510000.0,False,False,False,True,False
2.6,2,1,1183000.0,False,True,False,False,False
5.6,3,1,2207000.0,False,False,True,False,False
9.7,5,1,3298000.0,True,False,False,False,False
0.9,2,1,861000.0,False,True,False,False,False
3.5,3,1,1667000.0,False,False,True,False,False
0.5,2,1,1006000.0,False,False,True,False,False
2.1,4,1,1230000.0,False,True,False,False,False
2.1,2,1,1195000.0,False,False,True,False,False
10.9,2,0,2099000.0,False,True,False,False,False
4.5,8,1,1655000.0,False,False,True,False,False
7.9,6,1,2227000.0,False,True,False,False,False
10.6,3,1,2408000.0,False,False,False,False,True
4.5,4,1,1570000.0,False,True,False,False,False
11.1,8,1,3572000.0,True,False,False,False,False
7.6,4,1,2443000.0,False,False,False,True,False
2.5,2,0,853000.0,False,False,False,False,True
0.8,6,1,978000.0,False,False,False,False,True
5.6,4,1,1916000.0,False,False,False,True,False
8.6,5,1,1753000.0,False,False,False,False,True
7.8,3,1,1951000.0,False,True,False,False,False
4.8,4,1,1790000.0,False,False,True,False,False
3.1,2,1,1301000.0,True,False,False,False,False
3.5,6,1,1512000.0,False,False,False,False,True
4.0,5,0,1661000.0,False,False,True,False,False
3.3,2,1,1509000.0,False,True,False,False,False
3.2,2,0,1105000.0,False,False,True,False,False
10.1,6,1,3828000.0,True,False,False,False,False
0.9,2,1,962000.0,False,False,True,False,False
2.4,4,1,1271000.0,False,False,True,False,False
2.3,6,1,1383000.0,True,False,False,False,False
9.2,4,0,2254000.0,False,False,False,True,False
9.9,8,1,2625000.0,False,True,False,False,False
8.7,3,1,2302000.0,False,False,False,False,True
9.4,8,1,2839000.0,False,False,False,True,False
2.5,5,1,1200000.0,False,False,False,False,True
10.5,4,0,2856000.0,False,False,True,False,False
4.1,5,1,1956000.0,False,False,True,False,False
3.9,2,1,1896000.0,True,False,False,False,False
11.1,3,1,2209000.0,False,False,False,False,True
11.0,6,1,1914000.0,False,False,False,False,True
4.6,5,1,2018000.0,False,False,True,False,False
1.1,2,1,753000.0,False,True,False,False,False
0.4,7,1,987000.0,False,False,True,False,False
2.5,4,1,1257000.0,True,False,False,False,False
4.4,2,1,1252000.0,False,False,False,True,False
4.7,2,1,1764000.0,False,False,False,True,False
5.7,2,0,1645000.0,False,True,False,False,False
1.6,3,1,1001000.0,False,False,False,True,False
1.9,6,1,889000.0,False,False,True,False,False
2.4,3,0,815000.0,False,False,False,False,True
9.7,6,1,3306000.0,True,False,False,False,False
8.8,4,0,1943000.0,False,False,True,False,False
4.7,8,1,1895000.0,False,False,False,True,False
10.9,3,1,2912000.0,False,False,False,True,False
8.4,2,1,2439000.0,False,True,False,False,False
3.3,7,1,1424000.0,False,False,False,False,True
1.5,4,1,1006000.0,False,False,True,False,False
4.9,3,1,2247000.0,True,False,False,False,False
5.5,2,0,1511000.0,False,False,False,True,False
4.6,7,1,2041000.0,True,False,False,False,False
8.5,3,0,1924000.0,False,False,False,True,False
5.8,2,1,1694000.0,False,True,False,False,False
8.6,5,1,2568000.0,True,False,False,False,False
7.3,3,1,2159000.0,False,False,False,True,False
2.0,7,1,1481000.0,False,True,False,False,False
2.6,2,0,733000.0,False,False,False,False,True
2.6,7,1,1185000.0,False,False,True,False,False
5.3,6,1,2346000.0,False,False,True,False,False
10.9,3,0,2927000.0,True,False,False,False,False
11.9,4,1,3290000.0,True,False,False,False,False
2.6,2,0,1037000.0,False,True,False,False,False
8.7,2,1,2580000.0,True,False,False,False,False
9.8,4,1,3180000.0,False,True,False,False,False
11.2,5,1,3440000.0,False,False,True,False,False
3.9,2,0,1204000.0,False,False,True,False,False
0.1,3,1,1025000.0,False,False,True,False,False
7.8,4,1,2265000.0,False,False,True,False,False
9.2,5,1,3013000.0,False,False,True,False,False
11.5,6,1,3395000.0,False,False,True,False,False
2.1,8,0,1119000.0,False,False,False,False,True
10.9,5,1,3220000.0,False,False,False,False,True
7.0,2,1,1927000.0,False,False,False,False,True
9.1,2,1,2299000.0,False,False,False,True,False
9.1,6,1,2679000.0,False,True,False,False,False
1.8,3,1,932000.0,False,False,False,False,True
11.9,5,1,4488000.0,True,False,False,False,False
6.3,5,1,2202000.0,False,False,True,False,False
4.1,3,1,1434000.0,False,True,False,False,False
9.6,7,1,2854000.0,False,False,False,True,False
7.6,2,0,1863000.0,True,False,False,False,False
11.4,2,1,2516000.0,False,True,False,False,False
1.5,3,1,1153000.0,False,True,False,False,False
2.8,2,0,926000.0,False,False,False,True,False
3.7,7,1,1484000.0,False,False,True,False,False
6.9,7,1,2403000.0,False,False,False,True,False
2.0,5,1,1331000.0,False,True,False,False,False
9.8,8,1,2829000.0,False,False,False,False,True
8.7,4,1,2943000.0,False,False,True,False,False
4.5,6,1,1518000.0,False,True,False,False,False
11.0,2,0,1982000.0,False,False,False,False,True
8.8,4,0,2788000.0,False,False,True,False,False
4.6,4,1,1860000.0,True,False,False,False,False
11.9,2,1,2854000.0,False,True,False,False,False
2.3,5,1,1350000.0,False,False,False,False,True
8.5,7,1,2621000.0,False,True,False,False,False
2.9,2,0,1130000.0,False,False,True,False,False
7.6,7,1,2881000.0,False,True,False,False,False
3.1,6,1,1358000.0,False,False,False,True,False
4.8,6,1,2010000.0,False,False,False,True,False
3.0,4,1,1269000.0,False,False,False,False,True
3.7,5,0,1204000.0,False,False,False,False,True
9.3,4,1,2975000.0,False,True,False,False,False
11.2,5,1,3668000.0,True,False,False,False,False
1.2,8,1,1180000.0,False,True,False,False,False
4.5,7,1,1828000.0,False,False,False,False,True
9.8,3,1,2464000.0,False,True,False,False,False
9.7,3,1,2410000.0,False,False,False,True,False
7.5,6,1,2329000.0,True,False,False,False,False
4.5,4,1,1227000.0,False,True,False,False,False
5.7,7,1,2861000.0,True,False,False,False,False
2.5,8,1,1119000.0,False,False,False,False,True
5.2,4,1,1854000.0,False,False,True,False,False
8.0,5,1,2647000.0,True,False,False,False,False
5.5,7,1,2146000.0,False,False,True,False,False
11.4,8,1,3334000.0,False,True,False,False,False
0.0,7,0,680000.0,False,False,False,True,False
2.8,5,1,1283000.0,False,False,False,True,False
11.3,5,0,2856000.0,False,False,True,False,False
7.3,7,1,2416000.0,False,False,False,True,False
9.6,4,1,2494000.0,False,True,False,False,False
10.8,2,0,2808000.0,False,False,False,False,True
2.9,3,1,1604000.0,True,False,False,False,False
1.3,7,1,1250000.0,False,False,False,True,False
11.4,7,1,3553000.0,False,False,True,False,False
10.5,6,1,3351000.0,False,False,False,True,False
7.8,8,1,2866000.0,True,False,False,False,False
1.3,4,1,1007000.0,True,False,False,False,False
6.9,3,0,1763000.0,False,False,False,False,True
8.8,4,1,2336000.0,False,False,False,True,False
11.8,4,0,2551000.0,False,True,False,False,False
6.2,6,1,2232000.0,False,False,False,True,False
3.8,8,1,1838000.0,False,True,False,False,False
9.0,8,1,2836000.0,False,False,True,False,False
12.0,7,1,3850000.0,True,False,False,False,False
11.8,4,1,3596000.0,False,True,False,False,False
8.4,2,0,2076000.0,False,True,False,False,False
10.3,7,1,4020000.0,False,False,True,False,False
5.1,5,0,1514000.0,False,False,False,False,True
8.7,4,1,1983000.0,False,False,False,True,False
1.2,4,1,1174000.0,False,False,True,False,False
5.5,3,1,1933000.0,False,False,False,True,False
3.5,3,1,1601000.0,False,True,False,False,False
8.8,2,0,2155000.0,False,False,False,False,True
1.2,8,1,1194000.0,False,False,True,False,False
11.7,3,1,2743000.0,False,False,True,False,False
7.1,3,0,1759000.0,False,True,False,False,False
0.4,3,1,684000.0,False,False,False,False,True
11.5,7,0,2691000.0,False,False,False,True,False
3.3,7,1,1653000.0,False,False,False,True,False
7.7,6,1,2990000.0,False,False,True,False,False
8.3,2,1,2369000.0,False,True,False,False,False
4.6,7,1,1754000.0,True,False,False,False,False
8.6,8,1,3144000.0,True,False,False,False,False
6.2,6,1,2710000.0,True,False,False,False,False
2.2,6,1,1362000.0,True,False,False,False,False
0.5,6,1,1070000.0,True,False,False,False,False
1.0,2,1,968000.0,False,False,True,False,False
11.6,3,0,2404000.0,False,True,False,False,False
3.6,6,1,1616000.0,False,True,False,False,False
6.9,7,1,2528000.0,True,False,False,False,False
8.0,2,1,2316000.0,False,True,False,False,False
1.7,8,1,1075000.0,False,True,False,False,False
8.7,5,1,2304000.0,False,True,False,False,False
4.8,2,1,1822000.0,False,False,False,True,False
11.3,3,1,2992000.0,False,False,True,False,False
11.9,7,1,3920000.0,False,False,False,True,False
9.9,4,0,2144000.0,False,False,False,False,True
3.0,4,1,1294000.0,False,False,False,False,True
4.9,4,0,1729000.0,False,False,True,False,False
1.8,8,1,1207000.0,True,False,False,False,False
2.1,7,1,937000.0,False,False,False,False,True
10.4,6,1,2383000.0,False,False,False,True,False
2.2,8,1,1423000.0,False,False,False,False,True
1.5,2,1,912000.0,False,True,False,False,False
7.9,3,1,3174000.0,False,False,True,False,False
0.6,7,1,941000.0,False,False,False,True,False
2.2,4,1,1312000.0,False,False,True,False,False
11.4,6,1,3859000.0,False,False,True,False,False
4.9,4,0,2097000.0,True,False,False,False,False
8.8,2,1,3499000.0,True,False,False,False,False
1.0,4,1,1134000.0,False,False,False,True,False
8.1,7,1,2801000.0,False,False,False,True,False
0.2,3,0,637000.0,True,False,False,False,False
8.6,7,1,2578000.0,False,False,False,False,True
5.4,3,1,1630000.0,False,True,False,False,False
2.1,4,1,1238000.0,True,False,False,False,False
5.1,5,1,1751000.0,False,True,False,False,False
10.0,8,1,2715000.0,False,True,False,False,False
0.0,7,1,843000.0,False,False,False,True,False
10.7,8,1,3447000.0,False,False,True,False,False
1.3,4,1,1223000.0,False,False,True,False,False
0.1,5,1,815000.0,False,True,False,False,False
4.9,5,1,2017000.0,False,True,False,False,False
5.6,4,1,1491000.0,False,False,False,False,True
9.7,2,0,2316000.0,False,False,False,True,False
1.9,4,0,779000.0,False,True,False,False,False
1.3,4,1,851000.0,False,False,True,False,False
10.8,3,1,2999000.0,False,False,True,False,False
1.4,5,1,1135000.0,False,False,True,False,False
9.0,8,1,3633000.0,True,False,False,False,False
1.5,4,1,1118000.0,False,True,False,False,False
0.6,8,1,956000.0,False,False,True,False,False
5.8,8,1,2879000.0,True,False,False,False,False
10.4,7,1,3075000.0,False,False,False,False,True
2.2,8,1,1653000.0,True,False,False,False,False
3.3,3,1,1561000.0,True,False,False,False,False
7.4,2,0,1696000.0,False,False,False,True,False
4.9,4,1,1760000.0,False,False,True,False,False
5.1,2,1,2230000.0,True,False,False,False,False
3.7,4,1,1869000.0,False,False,False,True,False
3.0,2,1,1778000.0,True,False,False,False,False
0.6,7,1,951000.0,False,False,False,True,False
2.2,5,1,1240000.0,True,False,False,False,False
8.2,8,1,2473000.0,False,True,False,False,False
7.8,3,1,2062000.0,True,False,False,False,False
1.6,7,1,1255000.0,False,False,False,True,False
11.1,2,1,3003000.0,False,False,True,False,False
3.6,5,1,1650000.0,True,False,False,False,False
1.5,5,1,949000.0,False,False,True,False,False
5.4,7,1,2365000.0,True,False,False,False,False
2.0,4,1,1011000.0,False,False,False,False,True
0.7,7,1,1006000.0,True,False,False,False,False
2.0,8,1,826000.0,False,True,False,False,False
0.0,6,1,777000.0,False,False,False,False,True
8.5,6,1,3502000.0,True,False,False,False,False
2.1,2,1,1432000.0,False,False,True,False,False
0.5,3,1,848000.0,False,False,True,False,False
10.5,2,1,2484000.0,False,True,False,False,False
6.4,2,0,1650000.0,False,False,False,False,True
11.7,4,1,2612000.0,False,True,False,False,False
4.9,6,1,1808000.0,False,True,False,False,False
8.8,4,1,2516000.0,False,False,False,False,True
1.3,7,1,1258000.0,False,True,False,False,False
9.8,3,1,2425000.0,False,False,False,False,True
7.6,8,1,2369000.0,False,False,False,True,False
1.1,3,1,834000.0,False,True,False,False,False
6.8,7,1,2015000.0,False,False,False,True,False
8.2,3,1,2318000.0,False,False,False,True,False
2.9,7,1,1530000.0,False,False,False,True,False
4.6,2,0,1717000.0,True,False,False,False,False
1.6,8,1,1019000.0,False,False,False,False,True
8.8,4,1,2853000.0,False,True,False,False,False
5.8,6,1,1853000.0,False,True,False,False,False
2.9,6,1,1623000.0,True,False,False,False,False
1.2,4,1,1065000.0,True,False,False,False,False
10.9,2,1,2045000.0,False,False,False,True,False
1.8,7,1,1317000.0,False,True,False,False,False
11.9,3,1,3853000.0,True,False,False,False,False
7.4,2,0,2104000.0,True,False,False,False,False
7.3,3,1,2020000.0,False,False,False,False,True
2.2,5,1,1399000.0,False,False,True,False,False
4.2,2,1,1323000.0,False,False,True,False,False
11.2,8,1,2808000.0,False,True,False,False,False
4.7,7,1,2086000.0,False,False,True,False,False
1.7,4,1,1002000.0,False,False,True,False,False
3.8,5,1,1707000.0,False,False,True,False,False
1.7,7,1,934000.0,False,False,False,False,True
5.9,6,1,1945000.0,False,False,False,False,True
6.9,7,1,2554000.0,True,False,False,False,False
2.4,8,1,1179000.0,False,False,True,False,False
10.2,8,1,3203000.0,False,True,False,False,False
2.5,3,1,1299000.0,True,False,False,False,False
11.5,7,1,3250000.0,True,False,False,False,False
8.0,2,0,1895000.0,False,False,False,False,True
10.4,2,1,3025000.0,False,True,False,False,False
0.9,2,1,794000.0,False,False,False,True,False
1.8,3,1,1022000.0,False,False,False,False,True
8.4,4,0,2292000.0,False,False,False,True,False
9.4,7,1,2710000.0,False,False,False,False,True
1.9,5,1,1282000.0,False,False,True,False,False
11.0,6,1,3298000.0,True,False,False,False,False
6.3,3,1,1643000.0,False,False,False,False,True
0.7,5,1,1106000.0,True,False,False,False,False
9.8,5,0,2170000.0,False,False,False,True,False
2.0,8,1,896000.0,False,False,True,False,False
7.2,8,1,2360000.0,False,True,False,False,False
7.2,8,1,2960000.0,True,False,False,False,False
11.7,6,1,2378000.0,False,False,True,False,False
1.1,4,1,887000.0,False,False,False,True,False
6.0,4,0,1748000.0,False,True,False,False,False
8.4,2,0,2397000.0,False,False,False,False,True
1.2,8,1,1112000.0,False,True,False,False,False
1.8,5,1,1029000.0,False,True,False,False,False
9.7,7,1,2875000.0,False,False,True,False,False
5.4,3,1,1936000.0,False,False,False,False,True
10.3,5,0,2280000.0,False,True,False,False,False
2.5,6,1,1390000.0,True,False,False,False,False
9.7,3,1,2295000.0,False,False,False,False,True
10.4,8,1,2522000.0,False,True,False,False,False
0.8,6,1,1078000.0,False,False,True,False,False
11.8,4,1,4248000.0,True,False,False,False,False
11.7,5,1,2967000.0,False,False,False,False,True
11.0,3,1,2589000.0,False,False,False,False,True
11.4,4,1,2942000.0,False,False,False,True,False
3.2,7,1,1182000.0,False,True,False,False,False
10.2,4,1,3534000.0,True,False,False,False,False
2.7,8,1,1642000.0,True,False,False,False,False
1.0,7,1,1211000.0,True,False,False,False,False
3.8,6,1,2329000.0,False,False,True,False,False
5.5,6,1,1833000.0,False,False,False,False,True
0.4,6,0,575000.0,False,True,False,False,False
0.6,8,1,944000.0,False,True,False,False,False
0.8,5,1,1017000.0,False,False,False,False,True
2.6,4,1,1325000.0,False,False,False,True,False
4.1,8,1,1436000.0,False,False,False,True,False
4.3,7,1,1759000.0,False,False,False,False,True
7.4,4,0,1906000.0,False,False,True,False,False
0.2,5,1,1059000.0,False,False,False,True,False
3.2,7,1,1957000.0,True,False,False,False,False
2.6,3,1,1151000.0,False,True,False,False,False
7.2,3,1,2291000.0,False,False,False,False,True
11.5,4,1,3235000.0,False,False,True,False,False
6.0,8,1,2434000.0,False,False,True,False,False
9.9,5,1,2947000.0,False,False,False,True,False
5.1,3,1,1445000.0,False,False,False,False,True
5.2,4,0,1427000.0,False,False,False,True,False
7.6,7,1,2447000.0,False,False,False,False,True
11.2,2,0,2329000.0,False,False,False,False,True
11.1,2,0,2291000.0,False,False,False,False,True
7.0,2,1,1870000.0,False,False,False,True,False
2.5,8,1,1491000.0,False,False,False,True,False
5.0,8,1,2171000.0,False,False,False,False,True
3.4,7,1,1364000.0,False,False,False,True,False
0.4,2,1,844000.0,False,False,True,False,False
10.1,6,1,3038000.0,False,False,False,False,True
11.9,3,1,2805000.0,False,False,False,False,True
7.7,8,1,2699000.0,False,False,True,False,False
6.2,5,1,2035000.0,True,False,False,False,False
7.6,8,1,2438000.0,False,True,False,False,False
1.1,2,0,594000.0,False,False,False,False,True
1.8,6,1,1296000.0,False,True,False,False,False
11.8,7,1,3520000.0,False,True,False,False,False
6.4,3,0,2295000.0,False,False,False,True,False
9.2,7,1,3297000.0,True,False,False,False,False
5.5,6,1,2299000.0,True,False,False,False,False
0.9,8,1,1282000.0,True,False,False,False,False
5.8,7,1,1864000.0,False,True,False,False,False
2.2,2,1,1099000.0,False,False,False,False,True
7.6,8,1,2236000.0,False,True,False,False,False
6.3,4,1,2364000.0,True,False,False,False,False
6.4,6,1,2349000.0,False,True,False,False,False
0.4,3,1,703000.0,False,True,False,False,False
3.2,5,1,1733000.0,False,False,True,False,False
5.6,8,1,2461000.0,False,False,True,False,False
11.5,2,1,2691000.0,False,False,False,False,True
3.7,8,1,1123000.0,False,False,False,False,True
1.3,5,1,1140000.0,True,False,False,False,False
5.4,2,1,1886000.0,False,False,False,False,True
4.9,6,1,2072000.0,True,False,False,False,False
2.2,4,1,1031000.0,False,True,False,False,False
0.9,7,1,1141000.0,True,False,False,False,False
8.6,3,1,2833000.0,False,False,True,False,False
10.8,6,1,3048000.0,False,True,False,False,False
1.2,4,1,1136000.0,True,False,False,False,False
6.9,7,1,2060000.0,False,True,False,False,False
0.6,5,1,1022000.0,True,False,False,False,False
5.4,6,1,1792000.0,False,False,True,False,False
0.2,8,1,1046000.0,False,False,False,False,True
11.0,2,0,2872000.0,True,False,False,False,False
0.8,2,0,698000.0,False,False,False,True,False
8.7,4,0,3010000.0,True,False,False,False,False
6.7,4,1,2480000.0,False,False,True,False,False
8.4,5,0,1908000.0,False,False,False,False,True
1.2,3,0,722000.0,False,True,False,False,False
1.3,4,0,737000.0,False,True,False,False,False
2.0,3,0,713000.0,False,False,False,False,True
11.9,7,1,3834000.0,True,False,False,False,False
3.2,7,1,1190000.0,False,False,False,False,True
5.5,3,1,1919000.0,False,False,False,False,True
10.7,5,1,2527000.0,False,False,False,False,True
2.9,5,1,1368000.0,False,True,False,False,False
1.1,8,1,1342000.0,True,False,False,False,False
11.7,2,1,2814000.0,False,True,False,False,False
5.6,5,1,1882000.0,False,False,False,False,True
9.1,6,1,2280000.0,False,False,False,False,True
1.3,3,1,1123000.0,False,False,False,True,False
10.4,6,1,2446000.0,False,False,False,True,False
2.0,4,1,1151000.0,False,True,False,False,False
5.5,2,0,1812000.0,False,True,False,False,False
0.2,5,1,692000.0,False,False,False,False,True
5.4,4,1,1710000.0,False,False,False,True,False
2.5,5,1,1401000.0,False,False,False,True,False
3.3,2,0,1128000.0,False,False,False,True,False
8.8,5,1,2432000.0,False,False,False,False,True
3.3,6,1,1527000.0,False,True,False,False,False
11.5,3,0,2701000.0,False,False,False,False,True
3.2,2,1,1611000.0,False,False,True,False,False
2.7,6,0,1119000.0,False,True,False,False,False
8.8,7,1,2325000.0,False,False,False,False,True
3.5,2,1,1394000.0,False,False,False,False,True
10.9,6,1,3872000.0,False,False,True,False,False
8.2,3,1,2238000.0,False,True,False,False,False
11.5,7,1,2670000.0,False,True,False,False,False
8.2,8,1,2886000.0,False,False,False,True,False
1.3,8,1,1111000.0,False,True,False,False,False
9.3,2,1,1984000.0,False,False,True,False,False
5.4,7,1,2160000.0,False,False,False,True,False
0.2,4,1,707000.0,False,False,False,False,True
5.8,4,1,2181000.0,True,False,False,False,False
1.8,5,1,1228000.0,False,False,False,True,False
0.4,6,1,915000.0,False,True,False,False,False
11.0,5,1,2962000.0,False,False,False,False,True
10.8,5,1,2936000.0,False,False,True,False,False
10.7,5,1,3551000.0,True,False,False,False,False
7.0,7,1,2306000.0,False,False,True,False,False
1.3,2,0,736000.0,False,True,False,False,False
5.6,3,1,1823000.0,False,False,False,False,True
8.0,4,1,2397000.0,True,False,False,False,False
5.4,3,1,2348000.0,True,False,False,False,False
0.6,4,0,676000.0,True,False,False,False,False
0.6,3,1,875000.0,False,False,False,False,True
8.0,8,1,2380000.0,False,False,False,False,True
11.0,4,1,3460000.0,False,True,False,False,False
9.7,7,1,2612000.0,False,True,False,False,False
6.8,7,1,2046000.0,False,True,False,False,False
5.0,3,1,1824000.0,False,False,True,False,False
6.8,7,1,1960000.0,False,False,False,False,True
5.3,4,1,2018000.0,False,False,False,True,False
4.3,5,1,1536000.0,True,False,False,False,False
11.5,5,1,2587000.0,False,True,False,False,False
7.0,4,1,1985000.0,False,False,True,False,False
0.6,8,1,1320000.0,True,False,False,False,False
1.0,4,0,783000.0,False,False,False,False,True
1.2,4,1,1155000.0,True,False,False,False,False
1.5,6,1,1029000.0,False,False,False,False,True
1.7,7,1,1294000.0,False,False,True,False,False
8.6,2,0,2231000.0,False,False,False,False,True
8.3,2,0,1777000.0,False,True,False,False,False
7.2,2,1,2113000.0,False,True,False,False,False
2.5,5,1,1676000.0,True,False,False,False,False
11.1,4,1,2881000.0,False,False,False,False,True
3.1,6,1,1437000.0,False,True,False,False,False
7.6,3,1,2420000.0,False,True,False,False,False
2.0,7,1,988000.0,True,False,False,False,False
11.5,5,1,3812000.0,True,False,False,False,False
5.6,8,1,1703000.0,False,False,False,False,True
3.6,7,1,1251000.0,False,False,False,True,False
10.6,5,1,2821000.0,False,False,False,False,True
2.5,7,1,1468000.0,False,False,False,False,True
4.1,7,1,1903000.0,True,False,False,False,False
11.0,7,1,3109000.0,False,False,False,False,True
3.1,7,1,2041000.0,True,False,False,False,False
0.5,8,1,1238000.0,False,False,True,False,False
9.1,8,1,3707000.0,True,False,False,False,False
0.7,4,0,714000.0,False,False,False,True,False
9.2,6,1,2704000.0,False,False,False,True,False
4.5,7,1,1505000.0,False,False,True,False,False
2.7,7,1,1572000.0,True,False,False,False,False
2.4,8,1,1200000.0,False,True,False,False,False
8.2,7,1,2882000.0,False,False,False,False,True
4.2,6,1,1654000.0,False,False,False,True,False
10.5,6,1,3387000.0,True,False,False,False,False
6.0,2,1,2133000.0,False,False,True,False,False
0.3,8,1,1123000.0,True,False,False,False,False
6.4,3,1,2217000.0,False,False,False,False,True
3.7,6,1,1539000.0,False,False,True,False,False
7.8,2,0,2135000.0,False,False,True,False,False
2.4,8,1,1448000.0,True,False,False,False,False
9.7,6,1,2338000.0,False,False,False,True,False
7.2,6,1,2404000.0,True,False,False,False,False
1.2,5,1,1058000.0,False,False,False,True,False
3.6,8,1,1764000.0,True,False,False,False,False
6.6,2,0,1612000.0,False,False,False,True,False
8.3,5,1,2052000.0,False,False,False,True,False
1.4,6,1,1277000.0,True,False,False,False,False
2.9,2,1,1017000.0,False,True,False,False,False
5.0,8,1,2373000.0,True,False,False,False,False
0.9,3,1,1076000.0,True,False,False,False,False
3.8,6,1,1329000.0,False,False,False,True,False
7.9,7,1,2257000.0,False,True,False,False,False
5.3,4,1,1599000.0,False,True,False,False,False
6.3,4,1,2406000.0,True,False,False,False,False
0.6,5,1,1046000.0,False,True,False,False,False
10.9,8,1,2280000.0,False,True,False,False,False
0.4,3,0,571000.0,False,False,False,True,False
11.4,2,0,3018000.0,True,False,False,False,False
3.2,6,1,1612000.0,False,False,False,True,False
5.9,8,1,2146000.0,False,False,False,True,False
6.4,7,1,2053000.0,False,False,True,False,False
9.7,6,1,2672000.0,False,False,False,True,False
9.4,7,1,2263000.0,False,False,False,False,True
5.6,6,1,2221000.0,False,False,False,True,False
5.6,3,1,1958000.0,False,False,True,False,False
1.0,3,1,1229000.0,False,False,True,False,False
6.9,2,1,2171000.0,False,False,True,False,False
3.2,4,1,1482000.0,True,False,False,False,False
1.5,6,1,1074000.0,True,False,False,False,False
5.3,5,1,1402000.0,False,True,False,False,False
4.9,6,1,1481000.0,False,False,False,True,False
2.2,8,1,1276000.0,False,False,False,False,True
7.9,3,0,2074000.0,False,True,False,False,False
8.2,8,1,2158000.0,False,False,True,False,False
0.2,8,1,1213000.0,True,False,False,False,False
0.9,5,1,988000.0,False,False,True,False,False
6.8,8,1,2625000.0,True,False,False,False,False
3.9,8,1,1932000.0,False,True,False,False,False
4.4,4,1,2093000.0,True,False,False,False,False
7.3,8,1,2293000.0,False,False,False,True,False
10.0,2,0,2072000.0,False,True,False,False,False
4.6,7,1,1337000.0,False,False,False,True,False
6.5,2,1,2090000.0,True,False,False,False,False
7.3,7,1,2174000.0,False,True,False,False,False
3.9,8,1,1495000.0,False,False,False,True,False
4.3,4,1,1618000.0,False,False,False,True,False
7.3,5,1,2083000.0,False,False,False,False,True
2.9,5,1,1423000.0,False,False,True,False,False
9.6,4,0,2229000.0,False,False,False,True,False
6.1,3,1,1915000.0,False,True,False,False,False
10.8,5,1,2837000.0,False,False,False,False,True
8.5,5,1,2477000.0,True,False,False,False,False
8.3,2,1,2519000.0,False,False,False,False,True
11.0,5,1,2833000.0,False,True,False,False,False
8.5,2,0,2236000.0,False,False,True,False,False
7.1,6,0,2158000.0,False,False,False,True,False
7.6,7,1,2799000.0,True,False,False,False,False
1.8,2,1,1261000.0,False,False,True,False,False
8.1,5,1,2284000.0,False,False,False,False,True
3.4,8,1,1547000.0,False,False,True,False,False
3.9,4,1,1558000.0,False,True,False,False,False
5.2,4,1,1643000.0,False,False,True,False,False
3.4,2,1,1417000.0,False,False,False,True,False
5.3,3,1,2047000.0,True,False,False,False,False
11.1,7,1,3422000.0,True,False,False,False,False
7.2,2,1,1926000.0,False,False,False,False,True
9.6,2,0,2069000.0,True,False,False,False,False
4.4,4,1,1412000.0,False,False,False,False,True
1.5,5,1,1135000.0,False,False,False,True,False
10.7,5,1,3409000.0,True,False,False,False,False
11.6,8,1,2952000.0,False,False,True,False,False
5.4,7,1,2566000.0,True,False,False,False,False
11.2,8,1,2687000.0,False,True,False,False,False
7.0,8,1,2579000.0,False,False,False,True,False
3.4,3,1,1437000.0,False,True,False,False,False
0.0,2,1,609000.0,False,False,False,False,True
2.5,3,0,1242000.0,False,False,True,False,False
7.4,7,1,2110000.0,False,False,True,False,False
10.1,4,0,2794000.0,False,False,False,True,False
7.2,6,1,2558000.0,False,False,False,True,False
11.6,4,1,2711000.0,False,True,False,False,False
5.6,4,0,1897000.0,False,False,False,True,False
8.5,8,1,2644000.0,False,False,True,False,False
3.2,3,0,1156000.0,False,False,False,True,False
0.7,8,1,1096000.0,False,False,False,True,False
3.1,2,1,1258000.0,False,True,False,False,False
4.1,8,1,2164000.0,True,False,False,False,False
11.4,6,1,3877000.0,True,False,False,False,False
9.6,2,0,1943000.0,False,False,True,False,False
10.9,8,1,3241000.0,False,False,False,False,True
2.4,3,1,943000.0,False,True,False,False,False
3.5,3,0,1323000.0,False,False,False,True,False
2.6,7,1,1596000.0,False,False,False,True,False
9.5,2,1,2369000.0,False,False,True,False,False
0.3,7,1,904000.0,False,False,False,True,False
1.6,7,1,1190000.0,True,False,False,False,False
0.2,8,1,981000.0,False,False,True,False,False
5.1,7,1,1664000.0,False,False,False,False,True
5.7,4,1,1909000.0,False,False,False,False,True
3.3,4,1,1597000.0,False,True,False,False,False
4.6,5,1,2027000.0,False,False,False,True,False
2.7,2,0,877000.0,False,True,False,False,False
5.4,5,1,1763000.0,False,True,False,False,False
9.7,2,1,2016000.0,False,True,False,False,False
2.5,5,1,1084000.0,False,False,False,False,True
10.1,6,1,3334000.0,False,False,True,False,False
4.9,7,1,2525000.0,True,False,False,False,False
3.2,3,1,1186000.0,False,False,False,True,False
6.5,4,1,1931000.0,False,False,False,True,False
6.2,8,1,2437000.0,True,False,False,False,False
1.9,7,1,1310000.0,False,False,False,True,False
2.0,8,1,1246000.0,False,False,True,False,False
1.4,4,1,1175000.0,False,False,True,False,False
7.4,4,1,2226000.0,False,False,True,False,False
6.3,3,1,2094000.0,False,False,True,False,False
6.2,4,1,2054000.0,False,True,False,False,False
2.0,7,1,1288000.0,False,False,False,True,False
0.8,2,1,800000.0,False,True,False,False,False
2.4,2,1,1239000.0,False,False,True,False,False
1.1,6,1,1016000.0,False,True,False,False,False
4.1,2,1,1536000.0,False,False,True,False,False
3.4,8,1,1407000.0,False,False,False,False,True
6.5,7,1,2478000.0,False,True,False,False,False
3.2,2,1,1319000.0,False,False,False,False,True
7.0,8,1,2127000.0,False,True,False,False,False
0.0,3,1,748000.0,False,False,False,False,True
1.8,3,0,843000.0,False,False,True,False,False
0.9,2,1,1031000.0,False,False,False,True,False
5.1,5,1,1742000.0,False,False,False,False,True
4.7,8,1,1664000.0,False,False,False,False,True
10.1,3,1,2775000.0,False,True,False,False,False
10.1,6,1,2108000.0,False,False,False,False,True
10.8,7,1,2501000.0,False,True,False,False,False
7.4,3,1,2165000.0,True,False,False,False,False
2.4,4,1,1348000.0,False,False,True,False,False
3.9,4,1,1718000.0,False,False,False,False,True
3.3,7,1,2225000.0,True,False,False,False,False
11.7,8,1,3489000.0,False,False,False,True,False
9.0,7,1,2576000.0,False,False,False,False,True
10.7,3,1,2153000.0,False,True,False,False,False
1.0,8,0,720000.0,False,False,False,False,True
3.3,8,1,1298000.0,False,False,False,False,True
8.7,4,1,2327000.0,False,False,False,True,False
10.1,7,1,2704000.0,False,True,False,False,False
5.3,4,1,1737000.0,False,False,False,True,False
2.1,7,1,1132000.0,True,False,False,False,False
4.1,6,1,2068000.0,True,False,False,False,False
11.0,3,1,2675000.0,False,False,True,False,False
7.1,2,1,2492000.0,True,False,False,False,False
2.6,4,1,1706000.0,False,False,True,False,False
10.0,7,1,2554000.0,False,False,False,True,False
8.5,3,1,1778000.0,False,False,True,False,False
5.0,8,1,2100000.0,True,False,False,False,False
5.9,6,1,2190000.0,False,True,False,False,False
0.4,8,1,1295000.0,False,False,True,False,False
2.5,7,1,1235000.0,False,False,True,False,False
2.6,4,1,1322000.0,False,True,False,False,False
5.7,5,1,1677000.0,False,False,False,False,True
10.8,4,0,2979000.0,True,False,False,False,False
1.9,5,1,1654000.0,False,False,True,False,False
3.7,5,1,1161000.0,False,False,False,False,True
5.5,6,1,2097000.0,False,False,True,False,False
8.7,6,1,2602000.0,False,True,False,False,False
9.2,6,1,2753000.0,False,False,False,False,True
0.3,6,1,844000.0,False,False,False,False,True
9.0,3,0,2670000.0,True,False,False,False,False
11.6,4,1,2944000.0,False,False,False,True,False
4.8,5,1,1916000.0,False,False,True,False,False
3.7,3,1,1430000.0,False,False,False,True,False
1.1,3,1,1097000.0,False,False,True,False,False
0.1,3,0,438000.0,False,False,False,False,True
8.2,7,1,2628000.0,False,False,False,True,False
1.5,8,1,1272000.0,False,False,True,False,False
5.9,7,1,2444000.0,False,False,True,False,False
4.1,8,1,1647000.0,False,True,False,False,False
0.5,4,0,463000.0,False,True,False,False,False
5.1,4,1,2358000.0,True,False,False,False,False
3.1,5,1,1457000.0,True,False,False,False,False
5.6,2,0,1633000.0,True,False,False,False,False
7.9,5,1,2118000.0,False,True,False,False,False
6.9,5,0,2232000.0,False,False,False,True,False
5.1,2,1,1350000.0,False,False,True,False,False
8.9,2,1,3425000.0,False,False,False,True,False
6.0,8,1,2163000.0,False,False,False,False,True
9.1,8,1,2544000.0,False,False,False,False,True
9.8,7,1,3196000.0,True,False,False,False,False
10.4,5,1,3119000.0,False,False,True,False,False
5.1,7,1,2111000.0,False,False,True,False,False
5.0,5,1,2222000.0,True,False,False,False,False
4.3,2,1,1683000.0,False,False,False,True,False
3.0,2,1,1274000.0,False,True,False,False,False
8.7,7,1,2320000.0,False,False,False,False,True
6.8,2,0,1845000.0,False,False,True,False,False
0.5,6,1,1062000.0,True,False,False,False,False
4.1,7,1,2198000.0,True,False,False,False,False
10.0,5,1,3141000.0,False,False,True,False,False
7.4,6,1,1367000.0,False,False,False,False,True
5.7,8,1,2013000.0,False,False,False,False,True
4.8,3,1,1988000.0,True,False,False,False,False
4.9,2,0,1354000.0,False,True,False,False,False
3.3,5,1,1345000.0,False,True,False,False,False
2.7,7,1,1471000.0,False,False,False,False,True
5.0,6,1,2152000.0,False,False,True,False,False
4.1,4,1,1455000.0,False,False,False,True,False
2.5,7,1,1454000.0,False,False,False,True,False
6.7,4,1,1957000.0,False,False,True,False,False
3.6,8,1,1242000.0,False,False,False,False,True
5.2,8,1,1807000.0,False,False,False,True,False
7.3,8,1,2496000.0,False,True,False,False,False
9.2,7,1,3160000.0,False,False,True,False,False
9.2,7,1,2618000.0,False,False,False,False,True
6.4,3,0,1904000.0,False,False,False,True,False
3.4,5,1,1808000.0,True,False,False,False,False
6.4,4,1,2160000.0,True,False,False,False,False
4.6,7,1,1809000.0,False,True,False,False,False
7.3,6,1,2639000.0,False,False,True,False,False
7.3,3,1,2732000.0,True,False,False,False,False
11.4,2,1,3409000.0,False,False,False,True,False
6.6,8,1,2310000.0,False,True,False,False,False
3.9,4,1,1630000.0,False,False,False,True,False
5.5,7,1,2031000.0,False,False,False,False,True
10.1,8,1,2650000.0,False,False,False,False,True
11.9,8,1,2933000.0,False,False,False,True,False
5.8,7,1,1818000.0,False,False,False,False,True
7.6,5,1,2218000.0,False,False,True,False,False
